Date ,Open,High,Low,Close,Change (Pips) ,Change (%) 
"Dec 31, 2020 00:00",0.76876,0.77016,0.76859,0.77008,13.2,+0.17%
"Dec 30, 2020 23:00",0.76846,0.76908,0.76836,0.76875,2.9,+0.04%
"Dec 30, 2020 22:00",0.76855,0.76855,0.76753,0.76844,-1.1,-0.01%
"Dec 30, 2020 21:00",0.76762,0.76864,0.76754,0.76852,9,+0.12%
"Dec 30, 2020 20:00",0.76775,0.76799,0.7675,0.76762,-1.3,-0.02%
"Dec 30, 2020 19:00",0.7682,0.76847,0.76746,0.76774,-4.6,-0.06%
"Dec 30, 2020 18:00",0.76796,0.76835,0.76774,0.76819,2.3,+0.03%
"Dec 30, 2020 17:00",0.76818,0.76827,0.76761,0.76796,-2.2,-0.03%
"Dec 30, 2020 16:00",0.76836,0.76862,0.76782,0.76816,-2,-0.03%
"Dec 30, 2020 15:00",0.76738,0.76856,0.76673,0.76811,7.3,+0.10%
"Dec 30, 2020 14:00",0.76632,0.76796,0.76628,0.76738,10.6,+0.14%
"Dec 30, 2020 13:00",0.76665,0.76711,0.76623,0.76633,-3.2,-0.04%
"Dec 30, 2020 12:00",0.76659,0.76699,0.76615,0.76664,0.5,+0.01%
"Dec 30, 2020 11:00",0.7672,0.76736,0.76616,0.76659,-6.1,-0.08%
"Dec 30, 2020 10:00",0.76485,0.76741,0.76481,0.76717,23.2,+0.30%
"Dec 30, 2020 09:00",0.7649,0.76533,0.7645,0.76483,-0.7,-0.01%
"Dec 30, 2020 08:00",0.76527,0.76571,0.76459,0.76489,-3.8,-0.05%
"Dec 30, 2020 07:00",0.76543,0.76617,0.76503,0.7653,-1.3,-0.02%
"Dec 30, 2020 06:00",0.76568,0.76589,0.7648,0.76542,-2.6,-0.03%
"Dec 30, 2020 05:00",0.76558,0.76638,0.76554,0.76565,0.7,+0.01%
"Dec 30, 2020 04:00",0.76449,0.76597,0.76429,0.76558,10.9,+0.14%
"Dec 30, 2020 03:00",0.76407,0.76497,0.76405,0.76452,4.5,+0.06%
"Dec 30, 2020 02:00",0.7633,0.76421,0.76329,0.76404,7.4,+0.10%
"Dec 30, 2020 01:00",0.76176,0.76353,0.76158,0.76328,15.2,+0.20%
"Dec 30, 2020 00:00",0.76101,0.76232,0.76062,0.76179,7.8,+0.10%
"Dec 29, 2020 23:00",0.76044,0.76135,0.76044,0.761,5.6,+0.07%
"Dec 29, 2020 22:00",0.7607,0.76114,0.75996,0.76041,-2.9,-0.04%
"Dec 29, 2020 21:00",0.76074,0.76121,0.76054,0.7607,-0.4,-0.01%
"Dec 29, 2020 20:00",0.76106,0.76132,0.76056,0.76073,-3.3,-0.04%
"Dec 29, 2020 19:00",0.76117,0.76142,0.76067,0.76108,-0.9,-0.01%
"Dec 29, 2020 18:00",0.76131,0.76136,0.7607,0.76112,-1.9,-0.02%
"Dec 29, 2020 17:00",0.76229,0.76248,0.76095,0.76129,-10,-0.13%
"Dec 29, 2020 16:00",0.76137,0.76249,0.76107,0.76229,9.2,+0.12%
"Dec 29, 2020 15:00",0.76071,0.76204,0.75983,0.76135,6.4,+0.08%
"Dec 29, 2020 14:00",0.76106,0.76196,0.76039,0.76066,-4,-0.05%
"Dec 29, 2020 13:00",0.7605,0.76112,0.76008,0.76109,5.9,+0.08%
"Dec 29, 2020 12:00",0.7601,0.76073,0.75994,0.76046,3.6,+0.05%
"Dec 29, 2020 11:00",0.75961,0.76038,0.75952,0.76007,4.6,+0.06%
"Dec 29, 2020 10:00",0.75983,0.76017,0.75955,0.7596,-2.3,-0.03%
"Dec 29, 2020 09:00",0.76023,0.76049,0.75919,0.75985,-3.8,-0.05%
"Dec 29, 2020 08:00",0.75944,0.76076,0.75928,0.76018,7.4,+0.10%
"Dec 29, 2020 07:00",0.75965,0.76043,0.75938,0.75946,-1.9,-0.03%
"Dec 29, 2020 06:00",0.75965,0.75982,0.75916,0.75956,-0.9,-0.01%
"Dec 29, 2020 05:00",0.75944,0.75975,0.75911,0.75966,2.2,+0.03%
"Dec 29, 2020 04:00",0.75982,0.7599,0.75932,0.75941,-4.1,-0.05%
"Dec 29, 2020 03:00",0.75945,0.75993,0.75918,0.7598,3.5,+0.05%
"Dec 29, 2020 02:00",0.75913,0.75973,0.75839,0.7594,2.7,+0.04%
"Dec 29, 2020 01:00",0.75909,0.75951,0.75887,0.75918,0.9,+0.01%
"Dec 29, 2020 00:00",0.75876,0.75967,0.75859,0.75906,3,+0.04%
"Dec 28, 2020 23:00",0.75781,0.75896,0.75781,0.75875,9.4,+0.12%
"Dec 28, 2020 22:00",0.75791,0.75807,0.75758,0.75789,-0.2,+0.00%
"Dec 28, 2020 21:00",0.75785,0.7582,0.75762,0.75814,2.9,+0.04%
"Dec 28, 2020 20:00",0.75768,0.75787,0.75742,0.75784,1.6,+0.02%
"Dec 28, 2020 19:00",0.75739,0.7577,0.75693,0.75764,2.5,+0.03%
"Dec 28, 2020 18:00",0.75718,0.75763,0.75668,0.75739,2.1,+0.03%
"Dec 28, 2020 17:00",0.75669,0.75745,0.75626,0.75719,5,+0.07%
"Dec 28, 2020 16:00",0.75662,0.75742,0.75625,0.75674,1.2,+0.02%
"Dec 28, 2020 15:00",0.75927,0.75936,0.75569,0.75666,-26.1,-0.34%
"Dec 28, 2020 14:00",0.75884,0.75998,0.7587,0.75928,4.4,+0.06%
"Dec 28, 2020 13:00",0.75944,0.75992,0.75839,0.75884,-6,-0.08%
"Dec 28, 2020 12:00",0.75811,0.75946,0.75775,0.75942,13.1,+0.17%
"Dec 28, 2020 11:00",0.75939,0.7597,0.75774,0.75811,-12.8,-0.17%
"Dec 28, 2020 10:00",0.76118,0.76123,0.759,0.75938,-18,-0.24%
"Dec 28, 2020 09:00",0.76117,0.76144,0.76047,0.76117,0,+0.00%
"Dec 28, 2020 08:00",0.76173,0.76189,0.76085,0.76122,-5.1,-0.07%
"Dec 28, 2020 07:00",0.76198,0.76226,0.76162,0.76176,-2.2,-0.03%
"Dec 28, 2020 06:00",0.7614,0.76219,0.76106,0.76194,5.4,+0.07%
"Dec 28, 2020 05:00",0.76084,0.76146,0.76064,0.76141,5.7,+0.07%
"Dec 28, 2020 04:00",0.76125,0.76133,0.76068,0.76082,-4.3,-0.06%
"Dec 28, 2020 03:00",0.76126,0.76158,0.76108,0.76121,-0.5,-0.01%
"Dec 28, 2020 02:00",0.7604,0.76157,0.7602,0.76122,8.2,+0.11%
"Dec 28, 2020 01:00",0.75954,0.76065,0.75918,0.76038,8.4,+0.11%
"Dec 28, 2020 00:00",0.76104,0.76147,0.75915,0.75954,-15,-0.20%
"Dec 27, 2020 23:00",0.75967,0.76129,0.75967,0.76108,14.1,+0.19%
"Dec 27, 2020 22:00",0.75997,0.76015,0.7583,0.75965,-3.2,-0.04%
"Dec 24, 2020 21:00",0.75932,0.75935,0.75887,0.75893,-3.9,-0.05%
"Dec 24, 2020 20:00",0.75935,0.75937,0.75859,0.75933,-0.2,+0.00%
"Dec 24, 2020 19:00",0.75938,0.75966,0.7592,0.75931,-0.7,-0.01%
"Dec 24, 2020 18:00",0.76018,0.76045,0.75879,0.75933,-8.5,-0.11%
"Dec 24, 2020 17:00",0.75993,0.76028,0.75972,0.76021,2.8,+0.04%
"Dec 24, 2020 16:00",0.75969,0.76023,0.75952,0.75989,2,+0.03%
"Dec 24, 2020 15:00",0.76015,0.76037,0.75913,0.75968,-4.7,-0.06%
"Dec 24, 2020 14:00",0.75998,0.76049,0.75932,0.76019,2.1,+0.03%
"Dec 24, 2020 13:00",0.75986,0.76033,0.75958,0.76,1.4,+0.02%
"Dec 24, 2020 12:00",0.76001,0.76067,0.75963,0.75986,-1.5,-0.02%
"Dec 24, 2020 11:00",0.75968,0.76008,0.75908,0.75996,2.8,+0.04%
"Dec 24, 2020 10:00",0.75943,0.76013,0.75941,0.75968,2.5,+0.03%
"Dec 24, 2020 09:00",0.75953,0.76002,0.75921,0.75946,-0.7,-0.01%
"Dec 24, 2020 08:00",0.75895,0.76033,0.75887,0.75959,6.4,+0.08%
"Dec 24, 2020 07:00",0.75934,0.75954,0.75869,0.75896,-3.8,-0.05%
"Dec 24, 2020 06:00",0.75861,0.75938,0.75856,0.75937,7.6,+0.10%
"Dec 24, 2020 05:00",0.75811,0.75871,0.75788,0.75856,4.5,+0.06%
"Dec 24, 2020 04:00",0.75909,0.7591,0.75802,0.75815,-9.4,-0.12%
"Dec 24, 2020 03:00",0.75904,0.75963,0.75817,0.75909,0.5,+0.01%
"Dec 24, 2020 02:00",0.75871,0.75962,0.75866,0.75909,3.8,+0.05%
"Dec 24, 2020 01:00",0.75842,0.75944,0.75809,0.75869,2.7,+0.04%
"Dec 24, 2020 00:00",0.75823,0.75924,0.75779,0.75841,1.8,+0.02%
"Dec 23, 2020 23:00",0.75731,0.75825,0.75724,0.75825,9.4,+0.12%
"Dec 23, 2020 22:00",0.75726,0.75759,0.75664,0.75731,0.5,+0.01%
"Dec 23, 2020 21:00",0.75841,0.75846,0.75772,0.75781,-6,-0.08%
"Dec 23, 2020 20:00",0.75744,0.75855,0.75697,0.75838,9.4,+0.12%
"Dec 23, 2020 19:00",0.75805,0.75832,0.75722,0.75746,-5.9,-0.08%
"Dec 23, 2020 18:00",0.75739,0.75827,0.75732,0.75806,6.7,+0.09%
"Dec 23, 2020 17:00",0.75854,0.75859,0.75691,0.75743,-11.1,-0.15%
"Dec 23, 2020 16:00",0.75784,0.75903,0.7578,0.75851,6.7,+0.09%
"Dec 23, 2020 15:00",0.75787,0.75917,0.75738,0.75784,-0.3,+0.00%
"Dec 23, 2020 14:00",0.75631,0.75897,0.756,0.75788,15.7,+0.21%
"Dec 23, 2020 13:00",0.75606,0.75672,0.75422,0.75629,2.3,+0.03%
"Dec 23, 2020 12:00",0.75697,0.75707,0.75599,0.75605,-9.2,-0.12%
"Dec 23, 2020 11:00",0.75702,0.75734,0.75654,0.75702,0,+0.00%
"Dec 23, 2020 10:00",0.75671,0.75722,0.7562,0.75703,3.2,+0.04%
"Dec 23, 2020 09:00",0.75664,0.75763,0.75629,0.75667,0.3,+0.00%
"Dec 23, 2020 08:00",0.75739,0.75739,0.75553,0.75663,-7.6,-0.10%
"Dec 23, 2020 07:00",0.75509,0.75754,0.75495,0.75736,22.7,+0.30%
"Dec 23, 2020 06:00",0.75492,0.75545,0.75463,0.75505,1.3,+0.02%
"Dec 23, 2020 05:00",0.75514,0.7555,0.7547,0.75491,-2.3,-0.03%
"Dec 23, 2020 04:00",0.75522,0.75557,0.75503,0.75511,-1.1,-0.01%
"Dec 23, 2020 03:00",0.75434,0.75539,0.75415,0.75525,9.1,+0.12%
"Dec 23, 2020 02:00",0.75389,0.75445,0.75341,0.75432,4.3,+0.06%
"Dec 23, 2020 01:00",0.75281,0.75468,0.75237,0.75387,10.6,+0.14%
"Dec 23, 2020 00:00",0.75536,0.75547,0.75255,0.75284,-25.2,-0.33%
"Dec 22, 2020 23:00",0.75237,0.75547,0.75231,0.75536,29.9,+0.40%
"Dec 22, 2020 22:00",0.75218,0.75269,0.75166,0.75223,0.5,+0.01%
"Dec 22, 2020 21:00",0.75247,0.75315,0.75223,0.75223,-2.4,-0.03%
"Dec 22, 2020 20:00",0.75318,0.7532,0.75181,0.75245,-7.3,-0.10%
"Dec 22, 2020 19:00",0.7523,0.75317,0.75193,0.75315,8.5,+0.11%
"Dec 22, 2020 18:00",0.75315,0.75352,0.75231,0.75234,-8.1,-0.11%
"Dec 22, 2020 17:00",0.75301,0.75367,0.75273,0.75313,1.2,+0.02%
"Dec 22, 2020 16:00",0.75199,0.75395,0.75196,0.753,10.1,+0.13%
"Dec 22, 2020 15:00",0.75314,0.75436,0.75167,0.75198,-11.6,-0.15%
"Dec 22, 2020 14:00",0.75526,0.75587,0.7526,0.75315,-21.1,-0.28%
"Dec 22, 2020 13:00",0.75569,0.75636,0.75497,0.75527,-4.2,-0.06%
"Dec 22, 2020 12:00",0.7551,0.75693,0.75499,0.7557,6,+0.08%
"Dec 22, 2020 11:00",0.75471,0.7554,0.75435,0.75509,3.8,+0.05%
"Dec 22, 2020 10:00",0.75297,0.75477,0.75297,0.75471,17.4,+0.23%
"Dec 22, 2020 09:00",0.75545,0.75567,0.7529,0.75299,-24.6,-0.33%
"Dec 22, 2020 08:00",0.75525,0.75616,0.75468,0.75543,1.8,+0.02%
"Dec 22, 2020 07:00",0.75484,0.75611,0.75454,0.75522,3.8,+0.05%
"Dec 22, 2020 06:00",0.75593,0.75687,0.75459,0.75481,-11.2,-0.15%
"Dec 22, 2020 05:00",0.75561,0.75637,0.75553,0.75597,3.6,+0.05%
"Dec 22, 2020 04:00",0.75623,0.75655,0.75519,0.75564,-5.9,-0.08%
"Dec 22, 2020 03:00",0.75736,0.75742,0.75542,0.75619,-11.7,-0.15%
"Dec 22, 2020 02:00",0.75704,0.75755,0.75695,0.75734,3,+0.04%
"Dec 22, 2020 01:00",0.7566,0.75767,0.75652,0.75704,4.4,+0.06%
"Dec 22, 2020 00:00",0.75758,0.75837,0.75659,0.75661,-9.7,-0.13%
"Dec 21, 2020 23:00",0.75819,0.75911,0.75738,0.75755,-6.4,-0.08%
"Dec 21, 2020 22:00",0.75834,0.75845,0.75781,0.75817,-1.7,-0.02%
"Dec 21, 2020 21:00",0.75832,0.75889,0.75811,0.75865,3.3,+0.04%
"Dec 21, 2020 20:00",0.75961,0.75973,0.75796,0.7583,-13.1,-0.17%
"Dec 21, 2020 19:00",0.75824,0.75995,0.75804,0.75958,13.4,+0.18%
"Dec 21, 2020 18:00",0.75778,0.75846,0.75732,0.75825,4.7,+0.06%
"Dec 21, 2020 17:00",0.7575,0.75797,0.75716,0.75778,2.8,+0.04%
"Dec 21, 2020 16:00",0.75569,0.75777,0.75554,0.75748,17.9,+0.24%
"Dec 21, 2020 15:00",0.75348,0.75598,0.75314,0.75572,22.4,+0.30%
"Dec 21, 2020 14:00",0.75221,0.75424,0.75219,0.75343,12.2,+0.16%
"Dec 21, 2020 13:00",0.75151,0.75292,0.75107,0.75218,6.7,+0.09%
"Dec 21, 2020 12:00",0.75062,0.75254,0.75054,0.75151,8.9,+0.12%
"Dec 21, 2020 11:00",0.74851,0.75217,0.74844,0.75062,21.1,+0.28%
"Dec 21, 2020 10:00",0.74974,0.74981,0.74619,0.74851,-12.3,-0.16%
"Dec 21, 2020 09:00",0.75411,0.75412,0.74935,0.74977,-43.4,-0.58%
"Dec 21, 2020 08:00",0.7527,0.75453,0.75217,0.75411,14.1,+0.19%
"Dec 21, 2020 07:00",0.75614,0.75627,0.7522,0.75268,-34.6,-0.46%
"Dec 21, 2020 06:00",0.75636,0.75662,0.75564,0.75615,-2.1,-0.03%
"Dec 21, 2020 05:00",0.75692,0.75707,0.75568,0.75638,-5.4,-0.07%
"Dec 21, 2020 04:00",0.75717,0.75753,0.75665,0.75688,-2.9,-0.04%
"Dec 21, 2020 03:00",0.75689,0.75744,0.75675,0.75718,2.9,+0.04%
"Dec 21, 2020 02:00",0.75874,0.75941,0.75647,0.75686,-18.8,-0.25%
"Dec 21, 2020 01:00",0.75914,0.76022,0.75809,0.75874,-4,-0.05%
"Dec 21, 2020 00:00",0.75871,0.75987,0.75827,0.7592,4.9,+0.06%
"Dec 20, 2020 23:00",0.76006,0.76068,0.75845,0.75874,-13.2,-0.17%
"Dec 20, 2020 22:00",0.75825,0.76043,0.75825,0.76006,18.1,+0.24%
"Dec 18, 2020 21:00",0.76191,0.76247,0.76173,0.76215,2.4,+0.03%
"Dec 18, 2020 20:00",0.76154,0.76211,0.76092,0.76192,3.8,+0.05%
"Dec 18, 2020 19:00",0.7615,0.76171,0.76116,0.76154,0.4,+0.01%
"Dec 18, 2020 18:00",0.76168,0.76193,0.76134,0.76152,-1.6,-0.02%
"Dec 18, 2020 17:00",0.76145,0.76222,0.76114,0.76165,2,+0.03%
"Dec 18, 2020 16:00",0.76101,0.76189,0.76023,0.76148,4.7,+0.06%
"Dec 18, 2020 15:00",0.76017,0.76165,0.75988,0.76098,8.1,+0.11%
"Dec 18, 2020 14:00",0.76093,0.76128,0.75938,0.76016,-7.7,-0.10%
"Dec 18, 2020 13:00",0.76136,0.76137,0.76082,0.76095,-4.1,-0.05%
"Dec 18, 2020 12:00",0.76093,0.76193,0.76076,0.76138,4.5,+0.06%
"Dec 18, 2020 11:00",0.7604,0.7612,0.76029,0.76092,5.2,+0.07%
"Dec 18, 2020 10:00",0.75946,0.76049,0.7594,0.76041,9.5,+0.12%
"Dec 18, 2020 09:00",0.76043,0.76065,0.75881,0.75947,-9.6,-0.13%
"Dec 18, 2020 08:00",0.76033,0.76111,0.7598,0.7604,0.7,+0.01%
"Dec 18, 2020 07:00",0.76011,0.76076,0.75995,0.76032,2.1,+0.03%
"Dec 18, 2020 06:00",0.75847,0.76042,0.75846,0.76011,16.4,+0.22%
"Dec 18, 2020 05:00",0.7593,0.7595,0.75828,0.75849,-8.1,-0.11%
"Dec 18, 2020 04:00",0.76006,0.76055,0.75929,0.75929,-7.7,-0.10%
"Dec 18, 2020 03:00",0.76007,0.76064,0.7599,0.76007,0,+0.00%
"Dec 18, 2020 02:00",0.7611,0.76143,0.75971,0.76005,-10.5,-0.14%
"Dec 18, 2020 01:00",0.76109,0.76186,0.7607,0.7611,0.1,+0.00%
"Dec 18, 2020 00:00",0.76139,0.76191,0.76098,0.76105,-3.4,-0.04%
"Dec 17, 2020 23:00",0.76214,0.76225,0.76137,0.76143,-7.1,-0.09%
"Dec 17, 2020 22:00",0.76228,0.76277,0.76187,0.76206,-2.2,-0.03%
"Dec 17, 2020 21:00",0.76184,0.76283,0.76183,0.76262,7.8,+0.10%
"Dec 17, 2020 20:00",0.76199,0.76231,0.76166,0.7619,-0.9,-0.01%
"Dec 17, 2020 19:00",0.76231,0.76318,0.76191,0.76193,-3.8,-0.05%
"Dec 17, 2020 18:00",0.76257,0.76311,0.76203,0.76236,-2.1,-0.03%
"Dec 17, 2020 17:00",0.76194,0.76275,0.76183,0.76258,6.4,+0.08%
"Dec 17, 2020 16:00",0.76187,0.76202,0.7614,0.76192,0.5,+0.01%
"Dec 17, 2020 15:00",0.76301,0.76323,0.76142,0.76188,-11.3,-0.15%
"Dec 17, 2020 14:00",0.76242,0.76304,0.76181,0.76298,5.6,+0.07%
"Dec 17, 2020 13:00",0.76288,0.76333,0.76226,0.76244,-4.4,-0.06%
"Dec 17, 2020 12:00",0.76352,0.76357,0.76274,0.76287,-6.5,-0.09%
"Dec 17, 2020 11:00",0.76338,0.76378,0.7631,0.76352,1.4,+0.02%
"Dec 17, 2020 10:00",0.76342,0.76377,0.76308,0.76337,-0.5,-0.01%
"Dec 17, 2020 09:00",0.76245,0.76395,0.76224,0.76339,9.4,+0.12%
"Dec 17, 2020 08:00",0.76187,0.76274,0.76185,0.76243,5.6,+0.07%
"Dec 17, 2020 07:00",0.75986,0.7619,0.75986,0.76185,19.9,+0.26%
"Dec 17, 2020 06:00",0.7595,0.75995,0.75905,0.75987,3.7,+0.05%
"Dec 17, 2020 05:00",0.75868,0.75962,0.75862,0.75951,8.3,+0.11%
"Dec 17, 2020 04:00",0.7588,0.75928,0.75821,0.75869,-1.1,-0.01%
"Dec 17, 2020 03:00",0.75864,0.75912,0.75847,0.75877,1.3,+0.02%
"Dec 17, 2020 02:00",0.75802,0.75869,0.75765,0.75866,6.4,+0.08%
"Dec 17, 2020 01:00",0.75795,0.75912,0.75773,0.75807,1.2,+0.02%
"Dec 17, 2020 00:00",0.75695,0.75879,0.75672,0.75794,9.9,+0.13%
"Dec 16, 2020 23:00",0.75713,0.75736,0.75679,0.75697,-1.6,-0.02%
"Dec 16, 2020 22:00",0.7576,0.75776,0.75702,0.75709,-5.1,-0.07%
"Dec 16, 2020 21:00",0.75704,0.75781,0.75684,0.75769,6.5,+0.09%
"Dec 16, 2020 20:00",0.75617,0.7578,0.75616,0.75704,8.7,+0.11%
"Dec 16, 2020 19:00",0.75643,0.75682,0.75389,0.75618,-2.5,-0.03%
"Dec 16, 2020 18:00",0.75634,0.75649,0.75575,0.75642,0.8,+0.01%
"Dec 16, 2020 17:00",0.75646,0.75651,0.75576,0.75632,-1.4,-0.02%
"Dec 16, 2020 16:00",0.75633,0.75671,0.75584,0.75644,1.1,+0.01%
"Dec 16, 2020 15:00",0.75625,0.75644,0.75509,0.75633,0.8,+0.01%
"Dec 16, 2020 14:00",0.756,0.75658,0.75548,0.75625,2.5,+0.03%
"Dec 16, 2020 13:00",0.75706,0.75708,0.75603,0.75604,-10.2,-0.13%
"Dec 16, 2020 12:00",0.75698,0.75707,0.7563,0.75701,0.3,+0.00%
"Dec 16, 2020 11:00",0.7571,0.75744,0.75683,0.757,-1,-0.01%
"Dec 16, 2020 10:00",0.75784,0.75784,0.75698,0.7571,-7.4,-0.10%
"Dec 16, 2020 09:00",0.75761,0.75787,0.75694,0.75787,2.6,+0.03%
"Dec 16, 2020 08:00",0.75612,0.75782,0.75612,0.75756,14.4,+0.19%
"Dec 16, 2020 07:00",0.75604,0.75688,0.75587,0.75613,0.9,+0.01%
"Dec 16, 2020 06:00",0.75524,0.75601,0.75509,0.75601,7.7,+0.10%
"Dec 16, 2020 05:00",0.75626,0.7563,0.755,0.75524,-10.2,-0.14%
"Dec 16, 2020 04:00",0.75528,0.75637,0.75507,0.75627,9.9,+0.13%
"Dec 16, 2020 03:00",0.75522,0.75596,0.75519,0.75531,0.9,+0.01%
"Dec 16, 2020 02:00",0.75487,0.75555,0.75469,0.75523,3.6,+0.05%
"Dec 16, 2020 01:00",0.75517,0.75531,0.75454,0.75484,-3.3,-0.04%
"Dec 16, 2020 00:00",0.75574,0.75584,0.75494,0.75517,-5.7,-0.08%
"Dec 15, 2020 23:00",0.75516,0.7558,0.75516,0.75577,6.1,+0.08%
"Dec 15, 2020 22:00",0.75574,0.75575,0.75509,0.75515,-5.9,-0.08%
"Dec 15, 2020 21:00",0.75604,0.75606,0.75555,0.75573,-3.1,-0.04%
"Dec 15, 2020 20:00",0.75559,0.75646,0.75556,0.75603,4.4,+0.06%
"Dec 15, 2020 19:00",0.75556,0.75612,0.75542,0.75557,0.1,+0.00%
"Dec 15, 2020 18:00",0.75648,0.75717,0.75549,0.7556,-8.8,-0.12%
"Dec 15, 2020 17:00",0.75549,0.75652,0.7553,0.7565,10.1,+0.13%
"Dec 15, 2020 16:00",0.75395,0.75552,0.75367,0.75546,15.1,+0.20%
"Dec 15, 2020 15:00",0.75318,0.75446,0.75313,0.75395,7.7,+0.10%
"Dec 15, 2020 14:00",0.75365,0.75394,0.75312,0.75318,-4.7,-0.06%
"Dec 15, 2020 13:00",0.75237,0.75393,0.75236,0.75363,12.6,+0.17%
"Dec 15, 2020 12:00",0.75236,0.75374,0.75232,0.7524,0.4,+0.01%
"Dec 15, 2020 11:00",0.75237,0.75306,0.75208,0.75234,-0.3,+0.00%
"Dec 15, 2020 10:00",0.75274,0.75317,0.75222,0.75236,-3.8,-0.05%
"Dec 15, 2020 09:00",0.75216,0.75297,0.75169,0.75274,5.8,+0.08%
"Dec 15, 2020 08:00",0.75231,0.75247,0.75124,0.75216,-1.5,-0.02%
"Dec 15, 2020 07:00",0.75256,0.75322,0.75221,0.75229,-2.7,-0.04%
"Dec 15, 2020 06:00",0.75215,0.75275,0.7517,0.75256,4.1,+0.05%
"Dec 15, 2020 05:00",0.75095,0.75234,0.75095,0.75214,11.9,+0.16%
"Dec 15, 2020 04:00",0.75169,0.75169,0.75073,0.75094,-7.5,-0.10%
"Dec 15, 2020 03:00",0.75315,0.75343,0.75127,0.75169,-14.6,-0.19%
"Dec 15, 2020 02:00",0.75348,0.7539,0.75277,0.7531,-3.8,-0.05%
"Dec 15, 2020 01:00",0.75389,0.75462,0.75281,0.75352,-3.7,-0.05%
"Dec 15, 2020 00:00",0.75353,0.75453,0.75342,0.75389,3.6,+0.05%
"Dec 14, 2020 23:00",0.7531,0.75384,0.75299,0.7535,4,+0.05%
"Dec 14, 2020 22:00",0.75323,0.75347,0.75297,0.75304,-1.9,-0.03%
"Dec 14, 2020 21:00",0.75339,0.75363,0.7532,0.75328,-1.1,-0.01%
"Dec 14, 2020 20:00",0.75428,0.75431,0.75307,0.75333,-9.5,-0.13%
"Dec 14, 2020 19:00",0.75418,0.75466,0.75397,0.75432,1.4,+0.02%
"Dec 14, 2020 18:00",0.75459,0.75483,0.75385,0.75414,-4.5,-0.06%
"Dec 14, 2020 17:00",0.75351,0.75458,0.75342,0.75458,10.7,+0.14%
"Dec 14, 2020 16:00",0.75374,0.75401,0.75332,0.75355,-1.9,-0.03%
"Dec 14, 2020 15:00",0.75654,0.75663,0.7534,0.75368,-28.6,-0.38%
"Dec 14, 2020 14:00",0.75761,0.75778,0.75591,0.75655,-10.6,-0.14%
"Dec 14, 2020 13:00",0.75709,0.75773,0.75687,0.75765,5.6,+0.07%
"Dec 14, 2020 12:00",0.75669,0.75775,0.75635,0.75706,3.7,+0.05%
"Dec 14, 2020 11:00",0.75655,0.75697,0.75647,0.75667,1.2,+0.02%
"Dec 14, 2020 10:00",0.75588,0.75667,0.75563,0.75656,6.8,+0.09%
"Dec 14, 2020 09:00",0.75637,0.75662,0.75587,0.75588,-4.9,-0.06%
"Dec 14, 2020 08:00",0.75617,0.75743,0.7559,0.75638,2.1,+0.03%
"Dec 14, 2020 07:00",0.75554,0.75644,0.75531,0.75617,6.3,+0.08%
"Dec 14, 2020 06:00",0.75448,0.75566,0.75448,0.75554,10.6,+0.14%
"Dec 14, 2020 05:00",0.75407,0.75467,0.75358,0.75449,4.2,+0.06%
"Dec 14, 2020 04:00",0.75354,0.75407,0.75345,0.75407,5.3,+0.07%
"Dec 14, 2020 03:00",0.75381,0.75402,0.75343,0.75349,-3.2,-0.04%
"Dec 14, 2020 02:00",0.75346,0.75398,0.75315,0.75386,4,+0.05%
"Dec 14, 2020 01:00",0.75257,0.75379,0.75257,0.75343,8.6,+0.11%
"Dec 14, 2020 00:00",0.75498,0.75509,0.75247,0.75259,-23.9,-0.32%
"Dec 13, 2020 23:00",0.75479,0.75556,0.75475,0.75495,1.6,+0.02%
"Dec 13, 2020 22:00",0.75485,0.75585,0.75475,0.75478,-0.7,-0.01%
"Dec 11, 2020 21:00",0.75359,0.75373,0.75324,0.75349,-1,-0.01%
"Dec 11, 2020 20:00",0.7536,0.75373,0.75297,0.75359,-0.1,+0.00%
"Dec 11, 2020 19:00",0.7535,0.7539,0.75329,0.75359,0.9,+0.01%
"Dec 11, 2020 18:00",0.75302,0.75355,0.75275,0.75352,5,+0.07%
"Dec 11, 2020 17:00",0.75311,0.75315,0.75259,0.75302,-0.9,-0.01%
"Dec 11, 2020 16:00",0.75351,0.75441,0.75297,0.75313,-3.8,-0.05%
"Dec 11, 2020 15:00",0.75321,0.75429,0.75311,0.7535,2.9,+0.04%
"Dec 11, 2020 14:00",0.75362,0.75448,0.75302,0.75323,-3.9,-0.05%
"Dec 11, 2020 13:00",0.75326,0.75398,0.75296,0.75358,3.2,+0.04%
"Dec 11, 2020 12:00",0.75293,0.75346,0.7524,0.75329,3.6,+0.05%
"Dec 11, 2020 11:00",0.75276,0.75294,0.75226,0.7529,1.4,+0.02%
"Dec 11, 2020 10:00",0.75295,0.75422,0.75268,0.75279,-1.6,-0.02%
"Dec 11, 2020 09:00",0.75311,0.75421,0.75249,0.75293,-1.8,-0.02%
"Dec 11, 2020 08:00",0.7556,0.75586,0.75202,0.75313,-24.7,-0.33%
"Dec 11, 2020 07:00",0.75637,0.75686,0.75535,0.7556,-7.7,-0.10%
"Dec 11, 2020 06:00",0.75564,0.75665,0.75558,0.75636,7.2,+0.10%
"Dec 11, 2020 05:00",0.75596,0.75626,0.75554,0.75565,-3.1,-0.04%
"Dec 11, 2020 04:00",0.75608,0.75719,0.75579,0.75596,-1.2,-0.02%
"Dec 11, 2020 03:00",0.75639,0.75666,0.75526,0.75611,-2.8,-0.04%
"Dec 11, 2020 02:00",0.75598,0.75644,0.7554,0.75637,3.9,+0.05%
"Dec 11, 2020 01:00",0.75332,0.75651,0.75332,0.75599,26.7,+0.35%
"Dec 11, 2020 00:00",0.75233,0.75352,0.75229,0.75331,9.8,+0.13%
"Dec 10, 2020 23:00",0.75326,0.75357,0.75223,0.75231,-9.5,-0.13%
"Dec 10, 2020 22:00",0.75338,0.75358,0.75301,0.75321,-1.7,-0.02%
"Dec 10, 2020 21:00",0.7536,0.75398,0.75339,0.75349,-1.1,-0.01%
"Dec 10, 2020 20:00",0.75272,0.75381,0.75272,0.75362,9,+0.12%
"Dec 10, 2020 19:00",0.7531,0.75333,0.75252,0.75272,-3.8,-0.05%
"Dec 10, 2020 18:00",0.75283,0.75341,0.75238,0.75314,3.1,+0.04%
"Dec 10, 2020 17:00",0.75184,0.75328,0.75183,0.75282,9.8,+0.13%
"Dec 10, 2020 16:00",0.75169,0.75207,0.75121,0.75183,1.4,+0.02%
"Dec 10, 2020 15:00",0.75154,0.75288,0.75124,0.75171,1.7,+0.02%
"Dec 10, 2020 14:00",0.75009,0.75165,0.74847,0.75148,13.9,+0.18%
"Dec 10, 2020 13:00",0.74932,0.75146,0.74929,0.75013,8.1,+0.11%
"Dec 10, 2020 12:00",0.74867,0.74974,0.74834,0.74931,6.4,+0.09%
"Dec 10, 2020 11:00",0.74876,0.74956,0.74839,0.74862,-1.4,-0.02%
"Dec 10, 2020 10:00",0.74865,0.74912,0.74848,0.74875,1,+0.01%
"Dec 10, 2020 09:00",0.7479,0.74945,0.74742,0.7487,8,+0.11%
"Dec 10, 2020 08:00",0.74707,0.74848,0.7466,0.74791,8.4,+0.11%
"Dec 10, 2020 07:00",0.74583,0.74741,0.74556,0.74708,12.5,+0.17%
"Dec 10, 2020 06:00",0.74706,0.74709,0.74578,0.74579,-12.7,-0.17%
"Dec 10, 2020 05:00",0.74768,0.74797,0.7471,0.74711,-5.7,-0.08%
"Dec 10, 2020 04:00",0.74702,0.74774,0.74693,0.74768,6.6,+0.09%
"Dec 10, 2020 03:00",0.74729,0.74737,0.74636,0.74701,-2.8,-0.04%
"Dec 10, 2020 02:00",0.74535,0.74746,0.74514,0.74731,19.6,+0.26%
"Dec 10, 2020 01:00",0.7445,0.74536,0.74424,0.74535,8.5,+0.11%
"Dec 10, 2020 00:00",0.74336,0.74472,0.74336,0.74452,11.6,+0.16%
"Dec 09, 2020 23:00",0.74337,0.74372,0.74311,0.74333,-0.4,-0.01%
"Dec 09, 2020 22:00",0.74417,0.74452,0.74255,0.74337,-8,-0.11%
"Dec 09, 2020 21:00",0.74413,0.74439,0.74387,0.7442,0.7,+0.01%
"Dec 09, 2020 20:00",0.74368,0.74436,0.74335,0.74416,4.8,+0.06%
"Dec 09, 2020 19:00",0.74232,0.74379,0.74231,0.74365,13.3,+0.18%
"Dec 09, 2020 18:00",0.74418,0.74429,0.74234,0.74234,-18.4,-0.25%
"Dec 09, 2020 17:00",0.7451,0.74527,0.74346,0.74418,-9.2,-0.12%
"Dec 09, 2020 16:00",0.74607,0.74607,0.74451,0.7451,-9.7,-0.13%
"Dec 09, 2020 15:00",0.74697,0.7471,0.74577,0.74603,-9.4,-0.13%
"Dec 09, 2020 14:00",0.74834,0.74838,0.74694,0.74702,-13.2,-0.18%
"Dec 09, 2020 13:00",0.74821,0.74847,0.74762,0.74832,1.1,+0.01%
"Dec 09, 2020 12:00",0.7476,0.74822,0.74676,0.74822,6.2,+0.08%
"Dec 09, 2020 11:00",0.74785,0.74849,0.74673,0.74756,-2.9,-0.04%
"Dec 09, 2020 10:00",0.7475,0.74799,0.74707,0.74789,3.9,+0.05%
"Dec 09, 2020 09:00",0.74691,0.74762,0.74638,0.74747,5.6,+0.07%
"Dec 09, 2020 08:00",0.74483,0.74719,0.74451,0.74694,21.1,+0.28%
"Dec 09, 2020 07:00",0.74469,0.74522,0.74447,0.74479,1,+0.01%
"Dec 09, 2020 06:00",0.74429,0.74531,0.74429,0.7447,4.1,+0.06%
"Dec 09, 2020 05:00",0.74413,0.74434,0.74375,0.74431,1.8,+0.02%
"Dec 09, 2020 04:00",0.74293,0.74444,0.74289,0.74414,12.1,+0.16%
"Dec 09, 2020 03:00",0.74238,0.74304,0.74212,0.74291,5.3,+0.07%
"Dec 09, 2020 02:00",0.74153,0.74237,0.74122,0.74237,8.4,+0.11%
"Dec 09, 2020 01:00",0.74142,0.74186,0.7409,0.74153,1.1,+0.01%
"Dec 09, 2020 00:00",0.74092,0.74196,0.74077,0.74142,5,+0.07%
"Dec 08, 2020 23:00",0.74116,0.74143,0.74046,0.74092,-2.4,-0.03%
"Dec 08, 2020 22:00",0.74082,0.74148,0.74066,0.74105,2.3,+0.03%
"Dec 08, 2020 21:00",0.74101,0.74115,0.74083,0.74087,-1.4,-0.02%
"Dec 08, 2020 20:00",0.74063,0.74104,0.7403,0.74102,3.9,+0.05%
"Dec 08, 2020 19:00",0.74094,0.74113,0.74039,0.74063,-3.1,-0.04%
"Dec 08, 2020 18:00",0.7417,0.74181,0.74081,0.74093,-7.7,-0.10%
"Dec 08, 2020 17:00",0.74127,0.74176,0.74103,0.74168,4.1,+0.06%
"Dec 08, 2020 16:00",0.74134,0.74173,0.74088,0.74132,-0.2,+0.00%
"Dec 08, 2020 15:00",0.74119,0.74147,0.73994,0.74131,1.2,+0.02%
"Dec 08, 2020 14:00",0.74133,0.7419,0.7406,0.74117,-1.6,-0.02%
"Dec 08, 2020 13:00",0.74149,0.74261,0.74123,0.7413,-1.9,-0.03%
"Dec 08, 2020 12:00",0.74121,0.7418,0.74102,0.74153,3.2,+0.04%
"Dec 08, 2020 11:00",0.74263,0.74273,0.74113,0.74116,-14.7,-0.20%
"Dec 08, 2020 10:00",0.74328,0.74342,0.74234,0.74268,-6,-0.08%
"Dec 08, 2020 09:00",0.74258,0.7435,0.7425,0.74325,6.7,+0.09%
"Dec 08, 2020 08:00",0.74147,0.7427,0.74053,0.74258,11.1,+0.15%
"Dec 08, 2020 07:00",0.74125,0.74177,0.7404,0.74147,2.2,+0.03%
"Dec 08, 2020 06:00",0.74231,0.74252,0.74101,0.74126,-10.5,-0.14%
"Dec 08, 2020 05:00",0.74245,0.74269,0.74221,0.74229,-1.6,-0.02%
"Dec 08, 2020 04:00",0.74251,0.74293,0.74225,0.74246,-0.5,-0.01%
"Dec 08, 2020 03:00",0.7426,0.74281,0.74208,0.74248,-1.2,-0.02%
"Dec 08, 2020 02:00",0.7418,0.7427,0.74168,0.74265,8.5,+0.11%
"Dec 08, 2020 01:00",0.74138,0.74261,0.74134,0.74175,3.7,+0.05%
"Dec 08, 2020 00:00",0.74156,0.74185,0.74104,0.74141,-1.5,-0.02%
"Dec 07, 2020 23:00",0.74154,0.74203,0.7415,0.74152,-0.2,+0.00%
"Dec 07, 2020 22:00",0.74193,0.74232,0.74145,0.74153,-4,-0.05%
"Dec 07, 2020 21:00",0.74219,0.74245,0.74177,0.74187,-3.2,-0.04%
"Dec 07, 2020 20:00",0.74285,0.74292,0.74173,0.74219,-6.6,-0.09%
"Dec 07, 2020 19:00",0.74336,0.74342,0.74278,0.74285,-5.1,-0.07%
"Dec 07, 2020 18:00",0.74489,0.74489,0.7427,0.74339,-15,-0.20%
"Dec 07, 2020 17:00",0.74484,0.74535,0.7446,0.74485,0.1,+0.00%
"Dec 07, 2020 16:00",0.74433,0.74517,0.74415,0.74484,5.1,+0.07%
"Dec 07, 2020 15:00",0.74394,0.74455,0.74353,0.74431,3.7,+0.05%
"Dec 07, 2020 14:00",0.74238,0.74448,0.7422,0.74398,16,+0.22%
"Dec 07, 2020 13:00",0.73994,0.74268,0.73986,0.74236,24.2,+0.33%
"Dec 07, 2020 12:00",0.73916,0.74004,0.7387,0.73992,7.6,+0.10%
"Dec 07, 2020 11:00",0.73855,0.73923,0.73829,0.73919,6.4,+0.09%
"Dec 07, 2020 10:00",0.73847,0.73899,0.73782,0.73852,0.5,+0.01%
"Dec 07, 2020 09:00",0.73958,0.73967,0.73723,0.73848,-11,-0.15%
"Dec 07, 2020 08:00",0.74221,0.74221,0.73955,0.73958,-26.3,-0.36%
"Dec 07, 2020 07:00",0.74295,0.74299,0.74207,0.74222,-7.3,-0.10%
"Dec 07, 2020 06:00",0.74293,0.74302,0.74253,0.7429,-0.3,+0.00%
"Dec 07, 2020 05:00",0.74291,0.74313,0.74282,0.74294,0.3,+0.00%
"Dec 07, 2020 04:00",0.74316,0.74323,0.74275,0.74288,-2.8,-0.04%
"Dec 07, 2020 03:00",0.74311,0.74346,0.74278,0.74317,0.6,+0.01%
"Dec 07, 2020 02:00",0.74282,0.74335,0.74268,0.74309,2.7,+0.04%
"Dec 07, 2020 01:00",0.74319,0.74337,0.74238,0.7428,-3.9,-0.05%
"Dec 07, 2020 00:00",0.74299,0.74324,0.7425,0.74319,2,+0.03%
"Dec 06, 2020 23:00",0.74316,0.74365,0.74286,0.74303,-1.3,-0.02%
"Dec 06, 2020 22:00",0.74306,0.7434,0.74277,0.74319,1.3,+0.02%
"Dec 04, 2020 21:00",0.74322,0.74332,0.74231,0.74272,-5,-0.07%
"Dec 04, 2020 20:00",0.7439,0.74391,0.74257,0.74319,-7.1,-0.10%
"Dec 04, 2020 19:00",0.7437,0.74417,0.74323,0.7439,2,+0.03%
"Dec 04, 2020 18:00",0.74357,0.74439,0.74348,0.74374,1.7,+0.02%
"Dec 04, 2020 17:00",0.74372,0.74405,0.74319,0.74354,-1.8,-0.02%
"Dec 04, 2020 16:00",0.74327,0.74401,0.74304,0.74375,4.8,+0.06%
"Dec 04, 2020 15:00",0.74378,0.74401,0.74261,0.74328,-5,-0.07%
"Dec 04, 2020 14:00",0.74209,0.74415,0.74184,0.74376,16.7,+0.22%
"Dec 04, 2020 13:00",0.74196,0.74302,0.74103,0.7421,1.4,+0.02%
"Dec 04, 2020 12:00",0.74206,0.74281,0.74185,0.74195,-1.1,-0.01%
"Dec 04, 2020 11:00",0.7425,0.74269,0.74168,0.74206,-4.4,-0.06%
"Dec 04, 2020 10:00",0.74265,0.74265,0.74158,0.74245,-2,-0.03%
"Dec 04, 2020 09:00",0.74186,0.74295,0.74142,0.74266,8,+0.11%
"Dec 04, 2020 08:00",0.74297,0.74357,0.74181,0.74188,-10.9,-0.15%
"Dec 04, 2020 07:00",0.74333,0.7434,0.74275,0.74294,-3.9,-0.05%
"Dec 04, 2020 06:00",0.74256,0.74366,0.74239,0.74335,7.9,+0.11%
"Dec 04, 2020 05:00",0.74276,0.74291,0.74226,0.74256,-2,-0.03%
"Dec 04, 2020 04:00",0.74253,0.743,0.74243,0.74273,2,+0.03%
"Dec 04, 2020 03:00",0.74316,0.74335,0.74227,0.74254,-6.2,-0.08%
"Dec 04, 2020 02:00",0.74311,0.74326,0.74248,0.74318,0.7,+0.01%
"Dec 04, 2020 01:00",0.74381,0.744,0.74265,0.74308,-7.3,-0.10%
"Dec 04, 2020 00:00",0.74359,0.74431,0.74339,0.74379,2,+0.03%
"Dec 03, 2020 23:00",0.74366,0.74436,0.74358,0.74364,-0.2,+0.00%
"Dec 03, 2020 22:00",0.74358,0.74431,0.7434,0.74366,0.8,+0.01%
"Dec 03, 2020 21:00",0.74405,0.74454,0.74378,0.74418,1.3,+0.02%
"Dec 03, 2020 20:00",0.74464,0.74481,0.74305,0.74406,-5.8,-0.08%
"Dec 03, 2020 19:00",0.74396,0.74486,0.74395,0.74461,6.5,+0.09%
"Dec 03, 2020 18:00",0.74434,0.74457,0.74372,0.74394,-4,-0.05%
"Dec 03, 2020 17:00",0.74437,0.74444,0.74363,0.74436,-0.1,+0.00%
"Dec 03, 2020 16:00",0.74455,0.74498,0.7435,0.74441,-1.4,-0.02%
"Dec 03, 2020 15:00",0.74399,0.74466,0.7436,0.7445,5.1,+0.07%
"Dec 03, 2020 14:00",0.74288,0.74432,0.74263,0.74401,11.3,+0.15%
"Dec 03, 2020 13:00",0.74297,0.74346,0.74237,0.74291,-0.6,-0.01%
"Dec 03, 2020 12:00",0.74221,0.7431,0.74178,0.74296,7.5,+0.10%
"Dec 03, 2020 11:00",0.74185,0.74278,0.74143,0.74219,3.4,+0.05%
"Dec 03, 2020 10:00",0.74199,0.74216,0.74136,0.74186,-1.3,-0.02%
"Dec 03, 2020 09:00",0.74288,0.74304,0.7409,0.74199,-8.9,-0.12%
"Dec 03, 2020 08:00",0.74328,0.74366,0.74236,0.74289,-3.9,-0.05%
"Dec 03, 2020 07:00",0.74179,0.74338,0.74174,0.74329,15,+0.20%
"Dec 03, 2020 06:00",0.74112,0.74183,0.74101,0.74178,6.6,+0.09%
"Dec 03, 2020 05:00",0.74088,0.74131,0.74062,0.7411,2.2,+0.03%
"Dec 03, 2020 04:00",0.74098,0.74098,0.74024,0.74088,-1,-0.01%
"Dec 03, 2020 03:00",0.74115,0.74172,0.74095,0.74098,-1.7,-0.02%
"Dec 03, 2020 02:00",0.7401,0.7416,0.7399,0.74115,10.5,+0.14%
"Dec 03, 2020 01:00",0.73991,0.74051,0.73981,0.74012,2.1,+0.03%
"Dec 03, 2020 00:00",0.74146,0.74147,0.73989,0.7399,-15.6,-0.21%
"Dec 02, 2020 23:00",0.74133,0.74187,0.74129,0.74148,1.5,+0.02%
"Dec 02, 2020 22:00",0.74165,0.74191,0.74107,0.74134,-3.1,-0.04%
"Dec 02, 2020 21:00",0.74055,0.742,0.74055,0.7416,10.5,+0.14%
"Dec 02, 2020 20:00",0.74014,0.74096,0.74003,0.74049,3.5,+0.05%
"Dec 02, 2020 19:00",0.73968,0.74066,0.73916,0.74019,5.1,+0.07%
"Dec 02, 2020 18:00",0.73966,0.74005,0.73941,0.73967,0.1,+0.00%
"Dec 02, 2020 17:00",0.7394,0.74014,0.73924,0.73964,2.4,+0.03%
"Dec 02, 2020 16:00",0.73799,0.7397,0.73788,0.7394,14.1,+0.19%
"Dec 02, 2020 15:00",0.73651,0.73837,0.73649,0.73796,14.5,+0.20%
"Dec 02, 2020 14:00",0.73569,0.73656,0.73518,0.73654,8.5,+0.12%
"Dec 02, 2020 13:00",0.73564,0.73692,0.7356,0.73567,0.3,+0.00%
"Dec 02, 2020 12:00",0.73684,0.73697,0.73513,0.73567,-11.7,-0.16%
"Dec 02, 2020 11:00",0.73774,0.73846,0.73672,0.73687,-8.7,-0.12%
"Dec 02, 2020 10:00",0.73814,0.73823,0.73725,0.7377,-4.4,-0.06%
"Dec 02, 2020 09:00",0.73748,0.73884,0.73741,0.73814,6.6,+0.09%
"Dec 02, 2020 08:00",0.73824,0.73868,0.73692,0.73752,-7.2,-0.10%
"Dec 02, 2020 07:00",0.7371,0.73929,0.73686,0.7382,11,+0.15%
"Dec 02, 2020 06:00",0.737,0.73767,0.73669,0.73715,1.5,+0.02%
"Dec 02, 2020 05:00",0.73742,0.7376,0.7364,0.73698,-4.4,-0.06%
"Dec 02, 2020 04:00",0.73828,0.7384,0.73739,0.73744,-8.4,-0.11%
"Dec 02, 2020 03:00",0.73742,0.73837,0.73725,0.73826,8.4,+0.11%
"Dec 02, 2020 02:00",0.73702,0.73815,0.73689,0.73739,3.7,+0.05%
"Dec 02, 2020 01:00",0.73854,0.73854,0.73665,0.73703,-15.1,-0.20%
"Dec 02, 2020 00:00",0.73806,0.73898,0.7372,0.73857,5.1,+0.07%
"Dec 01, 2020 23:00",0.73733,0.73838,0.73728,0.73806,7.3,+0.10%
"Dec 01, 2020 22:00",0.7372,0.73767,0.73631,0.73725,0.5,+0.01%
"Dec 01, 2020 21:00",0.73689,0.73726,0.73677,0.73722,3.3,+0.04%
"Dec 01, 2020 20:00",0.73643,0.73713,0.73602,0.73693,5,+0.07%
"Dec 01, 2020 19:00",0.73666,0.73695,0.73626,0.73642,-2.4,-0.03%
"Dec 01, 2020 18:00",0.73634,0.73672,0.7362,0.73664,3,+0.04%
"Dec 01, 2020 17:00",0.73545,0.73654,0.73537,0.73638,9.3,+0.13%
"Dec 01, 2020 16:00",0.7355,0.73686,0.73531,0.73543,-0.7,-0.01%
"Dec 01, 2020 15:00",0.7353,0.73617,0.73464,0.73554,2.4,+0.03%
"Dec 01, 2020 14:00",0.73601,0.73609,0.73414,0.73522,-7.9,-0.11%
"Dec 01, 2020 13:00",0.73523,0.73615,0.73502,0.73601,7.8,+0.11%
"Dec 01, 2020 12:00",0.73516,0.73541,0.73482,0.73526,1,+0.01%
"Dec 01, 2020 11:00",0.73449,0.7354,0.73429,0.73512,6.3,+0.09%
"Dec 01, 2020 10:00",0.73527,0.73543,0.73438,0.73449,-7.8,-0.11%
"Dec 01, 2020 09:00",0.73639,0.73657,0.735,0.73532,-10.7,-0.15%
"Dec 01, 2020 08:00",0.73633,0.73731,0.73575,0.73633,0,+0.00%
"Dec 01, 2020 07:00",0.73616,0.73686,0.73603,0.73636,2,+0.03%
"Dec 01, 2020 06:00",0.73678,0.73693,0.73618,0.73618,-6,-0.08%
"Dec 01, 2020 05:00",0.73683,0.73694,0.7364,0.73679,-0.4,-0.01%
"Dec 01, 2020 04:00",0.7365,0.73714,0.73643,0.73681,3.1,+0.04%
"Dec 01, 2020 03:00",0.73601,0.73682,0.73588,0.73647,4.6,+0.06%
"Dec 01, 2020 02:00",0.73568,0.73635,0.73526,0.73605,3.7,+0.05%
"Dec 01, 2020 01:00",0.7361,0.73628,0.73524,0.73566,-4.4,-0.06%
"Dec 01, 2020 00:00",0.73589,0.73625,0.73524,0.7361,2.1,+0.03%
"Nov 30, 2020 23:00",0.73445,0.73613,0.73443,0.73587,14.2,+0.19%
"Nov 30, 2020 22:00",0.73399,0.73506,0.73396,0.73445,4.6,+0.06%
"Nov 30, 2020 21:00",0.7339,0.73446,0.7339,0.73439,4.9,+0.07%
"Nov 30, 2020 20:00",0.7354,0.73542,0.73392,0.73392,-14.8,-0.20%
"Nov 30, 2020 19:00",0.73537,0.73548,0.73484,0.73542,0.5,+0.01%
"Nov 30, 2020 18:00",0.73569,0.73584,0.73525,0.73537,-3.2,-0.04%
"Nov 30, 2020 17:00",0.73512,0.73583,0.73509,0.7357,5.8,+0.08%
"Nov 30, 2020 16:00",0.7368,0.73727,0.73473,0.7351,-17,-0.23%
"Nov 30, 2020 15:00",0.73767,0.73821,0.73573,0.73678,-8.9,-0.12%
"Nov 30, 2020 14:00",0.73812,0.73854,0.73684,0.7377,-4.2,-0.06%
"Nov 30, 2020 13:00",0.73745,0.73825,0.73722,0.7381,6.5,+0.09%
"Nov 30, 2020 12:00",0.73808,0.73861,0.73731,0.73748,-6,-0.08%
"Nov 30, 2020 11:00",0.73834,0.73868,0.73793,0.73805,-2.9,-0.04%
"Nov 30, 2020 10:00",0.73858,0.7387,0.73801,0.73835,-2.3,-0.03%
"Nov 30, 2020 09:00",0.73746,0.73882,0.73697,0.73858,11.2,+0.15%
"Nov 30, 2020 08:00",0.73864,0.73864,0.7374,0.73741,-12.3,-0.17%
"Nov 30, 2020 07:00",0.73804,0.73865,0.73751,0.73863,5.9,+0.08%
"Nov 30, 2020 06:00",0.73897,0.73916,0.73795,0.73808,-8.9,-0.12%
"Nov 30, 2020 05:00",0.73904,0.73919,0.73853,0.73896,-0.8,-0.01%
"Nov 30, 2020 04:00",0.73876,0.73948,0.73835,0.73905,2.9,+0.04%
"Nov 30, 2020 03:00",0.73905,0.73934,0.73848,0.73871,-3.4,-0.05%
"Nov 30, 2020 02:00",0.74031,0.74033,0.73888,0.73908,-12.3,-0.17%
"Nov 30, 2020 01:00",0.74023,0.74074,0.73966,0.7403,0.7,+0.01%
"Nov 30, 2020 00:00",0.74013,0.74045,0.73939,0.74024,1.1,+0.01%
"Nov 29, 2020 23:00",0.73872,0.74041,0.73866,0.74004,13.2,+0.18%
"Nov 29, 2020 22:00",0.73829,0.73902,0.73829,0.73872,4.3,+0.06%
"Nov 27, 2020 21:00",0.7383,0.73925,0.73753,0.73788,-4.2,-0.06%
"Nov 27, 2020 20:00",0.73885,0.73913,0.73829,0.73829,-5.6,-0.08%
"Nov 27, 2020 19:00",0.7385,0.73913,0.73845,0.73883,3.3,+0.04%
"Nov 27, 2020 18:00",0.73913,0.73914,0.73824,0.73853,-6,-0.08%
"Nov 27, 2020 17:00",0.73855,0.73916,0.73835,0.73914,5.9,+0.08%
"Nov 27, 2020 16:00",0.73954,0.73987,0.73834,0.73851,-10.3,-0.14%
"Nov 27, 2020 15:00",0.73903,0.73986,0.73882,0.73955,5.2,+0.07%
"Nov 27, 2020 14:00",0.73792,0.73927,0.73791,0.73906,11.4,+0.15%
"Nov 27, 2020 13:00",0.73725,0.73829,0.73667,0.7379,6.5,+0.09%
"Nov 27, 2020 12:00",0.73713,0.73752,0.73636,0.73724,1.1,+0.01%
"Nov 27, 2020 11:00",0.73702,0.73763,0.73681,0.73712,1,+0.01%
"Nov 27, 2020 10:00",0.73761,0.73777,0.73685,0.73703,-5.8,-0.08%
"Nov 27, 2020 09:00",0.73843,0.73854,0.7374,0.73763,-8,-0.11%
"Nov 27, 2020 08:00",0.7375,0.7386,0.73734,0.73842,9.2,+0.12%
"Nov 27, 2020 07:00",0.73797,0.7381,0.7371,0.73749,-4.8,-0.07%
"Nov 27, 2020 06:00",0.738,0.73825,0.7377,0.73801,0.1,+0.00%
"Nov 27, 2020 05:00",0.73745,0.73802,0.73737,0.73798,5.3,+0.07%
"Nov 27, 2020 04:00",0.73704,0.73765,0.73693,0.73745,4.1,+0.06%
"Nov 27, 2020 03:00",0.73622,0.73724,0.73605,0.73706,8.4,+0.11%
"Nov 27, 2020 02:00",0.73602,0.73623,0.73529,0.73618,1.6,+0.02%
"Nov 27, 2020 01:00",0.73614,0.73619,0.73526,0.73605,-0.9,-0.01%
"Nov 27, 2020 00:00",0.73565,0.73615,0.73554,0.73613,4.8,+0.07%
"Nov 26, 2020 23:00",0.73565,0.73612,0.7355,0.73563,-0.2,+0.00%
"Nov 26, 2020 22:00",0.73558,0.73611,0.73524,0.73569,1.1,+0.01%
"Nov 26, 2020 21:00",0.73584,0.73697,0.7355,0.73581,-0.3,+0.00%
"Nov 26, 2020 20:00",0.73628,0.73711,0.73562,0.73562,-6.6,-0.09%
"Nov 26, 2020 19:00",0.73638,0.73639,0.73619,0.73626,-1.2,-0.02%
"Nov 26, 2020 18:00",0.73628,0.73648,0.73627,0.73641,1.3,+0.02%
"Nov 26, 2020 17:00",0.73632,0.73669,0.73598,0.73624,-0.8,-0.01%
"Nov 26, 2020 16:00",0.73619,0.73642,0.73593,0.73636,1.7,+0.02%
"Nov 26, 2020 15:00",0.73553,0.73638,0.73552,0.7362,6.7,+0.09%
"Nov 26, 2020 14:00",0.7357,0.73601,0.73538,0.73549,-2.1,-0.03%
"Nov 26, 2020 13:00",0.73619,0.7365,0.73565,0.7357,-4.9,-0.07%
"Nov 26, 2020 12:00",0.73646,0.73646,0.73534,0.73618,-2.8,-0.04%
"Nov 26, 2020 11:00",0.73642,0.73666,0.73619,0.73646,0.4,+0.01%
"Nov 26, 2020 10:00",0.73603,0.73689,0.73576,0.73643,4,+0.05%
"Nov 26, 2020 09:00",0.73576,0.73664,0.73563,0.73604,2.8,+0.04%
"Nov 26, 2020 08:00",0.73623,0.73672,0.73567,0.73578,-4.5,-0.06%
"Nov 26, 2020 07:00",0.7364,0.7374,0.73607,0.7362,-2,-0.03%
"Nov 26, 2020 06:00",0.73596,0.7368,0.73591,0.73639,4.3,+0.06%
"Nov 26, 2020 05:00",0.73606,0.73627,0.73554,0.73597,-0.9,-0.01%
"Nov 26, 2020 04:00",0.73635,0.73664,0.73597,0.73607,-2.8,-0.04%
"Nov 26, 2020 03:00",0.73691,0.73745,0.7362,0.73633,-5.8,-0.08%
"Nov 26, 2020 02:00",0.73677,0.73702,0.73585,0.73692,1.5,+0.02%
"Nov 26, 2020 01:00",0.73647,0.73723,0.73638,0.73674,2.7,+0.04%
"Nov 26, 2020 00:00",0.73637,0.7367,0.73624,0.73651,1.4,+0.02%
"Nov 25, 2020 23:00",0.73626,0.73656,0.7362,0.73634,0.8,+0.01%
"Nov 25, 2020 22:00",0.7363,0.73638,0.7358,0.73625,-0.5,-0.01%
"Nov 25, 2020 21:00",0.73684,0.73692,0.73642,0.7366,-2.4,-0.03%
"Nov 25, 2020 20:00",0.73654,0.73734,0.73632,0.73683,2.9,+0.04%
"Nov 25, 2020 19:00",0.73611,0.73689,0.73543,0.7365,3.9,+0.05%
"Nov 25, 2020 18:00",0.73625,0.73652,0.73595,0.73612,-1.3,-0.02%
"Nov 25, 2020 17:00",0.73588,0.73633,0.73571,0.73622,3.4,+0.05%
"Nov 25, 2020 16:00",0.73508,0.73598,0.73481,0.73587,7.9,+0.11%
"Nov 25, 2020 15:00",0.73377,0.73586,0.7325,0.73508,13.1,+0.18%
"Nov 25, 2020 14:00",0.73458,0.7348,0.73354,0.73375,-8.3,-0.11%
"Nov 25, 2020 13:00",0.73463,0.73566,0.73433,0.7346,-0.3,+0.00%
"Nov 25, 2020 12:00",0.73392,0.73492,0.73386,0.73462,7,+0.10%
"Nov 25, 2020 11:00",0.73397,0.73429,0.73355,0.7339,-0.7,-0.01%
"Nov 25, 2020 10:00",0.73495,0.73519,0.73376,0.73396,-9.9,-0.13%
"Nov 25, 2020 09:00",0.73475,0.73525,0.73414,0.73499,2.4,+0.03%
"Nov 25, 2020 08:00",0.7351,0.73632,0.73422,0.73476,-3.4,-0.05%
"Nov 25, 2020 07:00",0.7334,0.73541,0.73331,0.73509,16.9,+0.23%
"Nov 25, 2020 06:00",0.73364,0.73442,0.73253,0.73341,-2.3,-0.03%
"Nov 25, 2020 05:00",0.73545,0.73574,0.73343,0.73362,-18.3,-0.25%
"Nov 25, 2020 04:00",0.73574,0.73592,0.7354,0.73547,-2.7,-0.04%
"Nov 25, 2020 03:00",0.73586,0.73616,0.73529,0.73571,-1.5,-0.02%
"Nov 25, 2020 02:00",0.73596,0.73636,0.73525,0.73584,-1.2,-0.02%
"Nov 25, 2020 01:00",0.73613,0.73672,0.73591,0.73596,-1.7,-0.02%
"Nov 25, 2020 00:00",0.73667,0.73737,0.73614,0.73617,-5,-0.07%
"Nov 24, 2020 23:00",0.7358,0.7367,0.73577,0.73662,8.2,+0.11%
"Nov 24, 2020 22:00",0.73606,0.73608,0.73549,0.73585,-2.1,-0.03%
"Nov 24, 2020 21:00",0.73617,0.73644,0.73569,0.73605,-1.2,-0.02%
"Nov 24, 2020 20:00",0.7354,0.73628,0.73517,0.73618,7.8,+0.11%
"Nov 24, 2020 19:00",0.73528,0.73542,0.73465,0.73541,1.3,+0.02%
"Nov 24, 2020 18:00",0.7344,0.73563,0.73435,0.73529,8.9,+0.12%
"Nov 24, 2020 17:00",0.73502,0.73517,0.73435,0.73442,-6,-0.08%
"Nov 24, 2020 16:00",0.73428,0.73568,0.73417,0.73498,7,+0.10%
"Nov 24, 2020 15:00",0.73332,0.73444,0.73226,0.73429,9.7,+0.13%
"Nov 24, 2020 14:00",0.73268,0.73355,0.73111,0.7333,6.2,+0.08%
"Nov 24, 2020 13:00",0.73386,0.73409,0.73244,0.73265,-12.1,-0.17%
"Nov 24, 2020 12:00",0.73412,0.73524,0.73329,0.73391,-2.1,-0.03%
"Nov 24, 2020 11:00",0.73485,0.73544,0.73406,0.73413,-7.2,-0.10%
"Nov 24, 2020 10:00",0.7359,0.73614,0.73443,0.73482,-10.8,-0.15%
"Nov 24, 2020 09:00",0.73586,0.73675,0.73555,0.73589,0.3,+0.00%
"Nov 24, 2020 08:00",0.73195,0.73655,0.73195,0.73586,39.1,+0.53%
"Nov 24, 2020 07:00",0.73198,0.73284,0.73174,0.73193,-0.5,-0.01%
"Nov 24, 2020 06:00",0.73188,0.73256,0.73187,0.73199,1.1,+0.02%
"Nov 24, 2020 05:00",0.73167,0.73219,0.7312,0.73189,2.2,+0.03%
"Nov 24, 2020 04:00",0.73161,0.73178,0.73113,0.73167,0.6,+0.01%
"Nov 24, 2020 03:00",0.73133,0.73207,0.73095,0.7316,2.7,+0.04%
"Nov 24, 2020 02:00",0.73046,0.73156,0.73023,0.73134,8.8,+0.12%
"Nov 24, 2020 01:00",0.72975,0.73161,0.72975,0.73042,6.7,+0.09%
"Nov 24, 2020 00:00",0.72944,0.73033,0.72908,0.72973,2.9,+0.04%
"Nov 23, 2020 23:00",0.72849,0.73051,0.72848,0.72948,9.9,+0.14%
"Nov 23, 2020 22:00",0.72859,0.72871,0.72832,0.72849,-1,-0.01%
"Nov 23, 2020 21:00",0.72841,0.7289,0.72832,0.72863,2.2,+0.03%
"Nov 23, 2020 20:00",0.72903,0.72956,0.72839,0.72845,-5.8,-0.08%
"Nov 23, 2020 19:00",0.72832,0.72909,0.72774,0.729,6.8,+0.09%
"Nov 23, 2020 18:00",0.72853,0.72889,0.72805,0.72831,-2.2,-0.03%
"Nov 23, 2020 17:00",0.72788,0.72896,0.72736,0.72856,6.8,+0.09%
"Nov 23, 2020 16:00",0.72799,0.72844,0.72651,0.72786,-1.3,-0.02%
"Nov 23, 2020 15:00",0.7303,0.73038,0.72721,0.72798,-23.2,-0.32%
"Nov 23, 2020 14:00",0.73231,0.73259,0.73009,0.73036,-19.5,-0.27%
"Nov 23, 2020 13:00",0.73289,0.73317,0.73155,0.73228,-6.1,-0.08%
"Nov 23, 2020 12:00",0.73281,0.73346,0.73267,0.7329,0.9,+0.01%
"Nov 23, 2020 11:00",0.73339,0.73354,0.73248,0.73282,-5.7,-0.08%
"Nov 23, 2020 10:00",0.73301,0.73353,0.73281,0.7334,3.9,+0.05%
"Nov 23, 2020 09:00",0.7328,0.73374,0.73253,0.73301,2.1,+0.03%
"Nov 23, 2020 08:00",0.73161,0.73311,0.73147,0.73282,12.1,+0.17%
"Nov 23, 2020 07:00",0.73095,0.73184,0.73073,0.73158,6.3,+0.09%
"Nov 23, 2020 06:00",0.73154,0.73171,0.73062,0.73095,-5.9,-0.08%
"Nov 23, 2020 05:00",0.73127,0.7316,0.73114,0.73158,3.1,+0.04%
"Nov 23, 2020 04:00",0.73158,0.73163,0.73114,0.73127,-3.1,-0.04%
"Nov 23, 2020 03:00",0.73181,0.73207,0.73158,0.73159,-2.2,-0.03%
"Nov 23, 2020 02:00",0.73232,0.73241,0.73159,0.73183,-4.9,-0.07%
"Nov 23, 2020 01:00",0.73205,0.7328,0.73185,0.7323,2.5,+0.03%
"Nov 23, 2020 00:00",0.73131,0.73224,0.73103,0.73206,7.5,+0.10%
"Nov 22, 2020 23:00",0.73013,0.73147,0.73013,0.73127,11.4,+0.16%
"Nov 22, 2020 22:00",0.73002,0.73063,0.72994,0.73016,1.4,+0.02%
"Nov 20, 2020 21:00",0.73105,0.73107,0.73026,0.73048,-5.7,-0.08%
"Nov 20, 2020 20:00",0.73113,0.73115,0.73055,0.731,-1.3,-0.02%
"Nov 20, 2020 19:00",0.7309,0.73129,0.73081,0.73114,2.4,+0.03%
"Nov 20, 2020 18:00",0.73094,0.73117,0.73058,0.7309,-0.4,-0.01%
"Nov 20, 2020 17:00",0.73135,0.73161,0.73056,0.73093,-4.2,-0.06%
"Nov 20, 2020 16:00",0.73113,0.73165,0.73088,0.73138,2.5,+0.03%
"Nov 20, 2020 15:00",0.73111,0.73192,0.73049,0.73112,0.1,+0.00%
"Nov 20, 2020 14:00",0.73077,0.73243,0.73077,0.73113,3.6,+0.05%
"Nov 20, 2020 13:00",0.73134,0.73138,0.73009,0.73071,-6.3,-0.09%
"Nov 20, 2020 12:00",0.73114,0.73154,0.73078,0.73139,2.5,+0.03%
"Nov 20, 2020 11:00",0.72941,0.73138,0.72927,0.7311,16.9,+0.23%
"Nov 20, 2020 10:00",0.72865,0.72991,0.72856,0.72946,8.1,+0.11%
"Nov 20, 2020 09:00",0.7292,0.73006,0.7285,0.72861,-5.9,-0.08%
"Nov 20, 2020 08:00",0.72837,0.72943,0.72817,0.72922,8.5,+0.12%
"Nov 20, 2020 07:00",0.72971,0.73026,0.72812,0.72834,-13.7,-0.19%
"Nov 20, 2020 06:00",0.72952,0.72994,0.72914,0.72972,2,+0.03%
"Nov 20, 2020 05:00",0.72942,0.72994,0.72903,0.72955,1.3,+0.02%
"Nov 20, 2020 04:00",0.72869,0.7295,0.72856,0.72939,7,+0.10%
"Nov 20, 2020 03:00",0.72822,0.72917,0.72819,0.72871,4.9,+0.07%
"Nov 20, 2020 02:00",0.72882,0.72883,0.7278,0.72825,-5.7,-0.08%
"Nov 20, 2020 01:00",0.72785,0.72879,0.72768,0.72876,9.1,+0.12%
"Nov 20, 2020 00:00",0.72678,0.72838,0.72678,0.72786,10.8,+0.15%
"Nov 19, 2020 23:00",0.72728,0.72772,0.72656,0.72675,-5.3,-0.07%
"Nov 19, 2020 22:00",0.72819,0.72872,0.72717,0.72728,-9.1,-0.13%
"Nov 19, 2020 21:00",0.72953,0.72973,0.72826,0.72841,-11.2,-0.15%
"Nov 19, 2020 20:00",0.72913,0.72968,0.72839,0.72951,3.8,+0.05%
"Nov 19, 2020 19:00",0.72777,0.72917,0.72769,0.72909,13.2,+0.18%
"Nov 19, 2020 18:00",0.72741,0.728,0.72739,0.72781,4,+0.05%
"Nov 19, 2020 17:00",0.72642,0.72763,0.72609,0.72739,9.7,+0.13%
"Nov 19, 2020 16:00",0.72705,0.72721,0.7261,0.72644,-6.1,-0.08%
"Nov 19, 2020 15:00",0.72712,0.72818,0.72626,0.72707,-0.5,-0.01%
"Nov 19, 2020 14:00",0.72712,0.7273,0.72582,0.72709,-0.3,+0.00%
"Nov 19, 2020 13:00",0.72715,0.72742,0.72562,0.72712,-0.3,+0.00%
"Nov 19, 2020 12:00",0.72739,0.72767,0.72698,0.72712,-2.7,-0.04%
"Nov 19, 2020 11:00",0.72641,0.72777,0.72577,0.72741,10,+0.14%
"Nov 19, 2020 10:00",0.72661,0.7269,0.72543,0.7264,-2.1,-0.03%
"Nov 19, 2020 09:00",0.72695,0.72756,0.72651,0.72663,-3.2,-0.04%
"Nov 19, 2020 08:00",0.72915,0.72962,0.72682,0.72698,-21.7,-0.30%
"Nov 19, 2020 07:00",0.72946,0.72974,0.7289,0.72913,-3.3,-0.05%
"Nov 19, 2020 06:00",0.72922,0.7295,0.72835,0.72946,2.4,+0.03%
"Nov 19, 2020 05:00",0.72949,0.72974,0.72919,0.72923,-2.6,-0.04%
"Nov 19, 2020 04:00",0.72903,0.72957,0.7288,0.72945,4.2,+0.06%
"Nov 19, 2020 03:00",0.72931,0.72948,0.72891,0.72902,-2.9,-0.04%
"Nov 19, 2020 02:00",0.72928,0.72981,0.729,0.72931,0.3,+0.00%
"Nov 19, 2020 01:00",0.72894,0.72964,0.72873,0.72929,3.5,+0.05%
"Nov 19, 2020 00:00",0.72966,0.72996,0.72837,0.72892,-7.4,-0.10%
"Nov 18, 2020 23:00",0.73009,0.73058,0.7297,0.7297,-3.9,-0.05%
"Nov 18, 2020 22:00",0.73026,0.73047,0.72953,0.73004,-2.2,-0.03%
"Nov 18, 2020 21:00",0.73011,0.7307,0.73011,0.7307,5.9,+0.08%
"Nov 18, 2020 20:00",0.73201,0.7323,0.73012,0.73012,-18.9,-0.26%
"Nov 18, 2020 19:00",0.73209,0.73232,0.73125,0.73199,-1,-0.01%
"Nov 18, 2020 18:00",0.7323,0.73308,0.73201,0.73212,-1.8,-0.02%
"Nov 18, 2020 17:00",0.73244,0.73287,0.73217,0.73231,-1.3,-0.02%
"Nov 18, 2020 16:00",0.73246,0.73268,0.73163,0.73241,-0.5,-0.01%
"Nov 18, 2020 15:00",0.73067,0.73267,0.7306,0.73248,18.1,+0.25%
"Nov 18, 2020 14:00",0.73019,0.73102,0.72953,0.73064,4.5,+0.06%
"Nov 18, 2020 13:00",0.73158,0.73167,0.73007,0.73022,-13.6,-0.19%
"Nov 18, 2020 12:00",0.73119,0.7321,0.73049,0.73155,3.6,+0.05%
"Nov 18, 2020 11:00",0.7324,0.7324,0.7311,0.73121,-11.9,-0.16%
"Nov 18, 2020 10:00",0.73234,0.73281,0.73189,0.7324,0.6,+0.01%
"Nov 18, 2020 09:00",0.73178,0.73282,0.73168,0.73234,5.6,+0.08%
"Nov 18, 2020 08:00",0.73051,0.7323,0.73049,0.73179,12.8,+0.17%
"Nov 18, 2020 07:00",0.7295,0.73108,0.72947,0.73049,9.9,+0.14%
"Nov 18, 2020 06:00",0.72941,0.72961,0.72877,0.7295,0.9,+0.01%
"Nov 18, 2020 05:00",0.72943,0.72961,0.72889,0.72937,-0.6,-0.01%
"Nov 18, 2020 04:00",0.72901,0.72957,0.72877,0.72945,4.4,+0.06%
"Nov 18, 2020 03:00",0.72853,0.72901,0.72812,0.72899,4.6,+0.06%
"Nov 18, 2020 02:00",0.72783,0.72866,0.72773,0.72855,7.2,+0.10%
"Nov 18, 2020 01:00",0.72806,0.72831,0.72748,0.7278,-2.6,-0.04%
"Nov 18, 2020 00:00",0.72965,0.72979,0.7272,0.7281,-15.5,-0.21%
"Nov 17, 2020 23:00",0.72966,0.73002,0.7288,0.72965,-0.1,+0.00%
"Nov 17, 2020 22:00",0.72985,0.72993,0.72938,0.72966,-1.9,-0.03%
"Nov 17, 2020 21:00",0.73012,0.73062,0.72993,0.73001,-1.1,-0.02%
"Nov 17, 2020 20:00",0.73045,0.73069,0.72991,0.73012,-3.3,-0.05%
"Nov 17, 2020 19:00",0.7301,0.73089,0.73006,0.73047,3.7,+0.05%
"Nov 17, 2020 18:00",0.73029,0.73074,0.72987,0.73009,-2,-0.03%
"Nov 17, 2020 17:00",0.72979,0.73056,0.72943,0.73031,5.2,+0.07%
"Nov 17, 2020 16:00",0.73014,0.73058,0.7296,0.72977,-3.7,-0.05%
"Nov 17, 2020 15:00",0.72921,0.73034,0.7289,0.73011,9,+0.12%
"Nov 17, 2020 14:00",0.73109,0.73109,0.72909,0.72922,-18.7,-0.26%
"Nov 17, 2020 13:00",0.73183,0.73239,0.7305,0.73112,-7.1,-0.10%
"Nov 17, 2020 12:00",0.73272,0.73275,0.73132,0.73184,-8.8,-0.12%
"Nov 17, 2020 11:00",0.73319,0.73335,0.73251,0.73269,-5,-0.07%
"Nov 17, 2020 10:00",0.73285,0.73327,0.73186,0.73321,3.6,+0.05%
"Nov 17, 2020 09:00",0.73252,0.73397,0.73244,0.73283,3.1,+0.04%
"Nov 17, 2020 08:00",0.73039,0.73262,0.73028,0.73251,21.2,+0.29%
"Nov 17, 2020 07:00",0.73155,0.73195,0.73009,0.73042,-11.3,-0.15%
"Nov 17, 2020 06:00",0.73177,0.73192,0.73118,0.73152,-2.5,-0.03%
"Nov 17, 2020 05:00",0.73213,0.73222,0.73163,0.73178,-3.5,-0.05%
"Nov 17, 2020 04:00",0.73208,0.7324,0.73196,0.7321,0.2,+0.00%
"Nov 17, 2020 03:00",0.73195,0.73256,0.73192,0.7321,1.5,+0.02%
"Nov 17, 2020 02:00",0.73148,0.73233,0.73128,0.73193,4.5,+0.06%
"Nov 17, 2020 01:00",0.73238,0.73259,0.73118,0.73149,-8.9,-0.12%
"Nov 17, 2020 00:00",0.73196,0.73295,0.73181,0.73238,4.2,+0.06%
"Nov 16, 2020 23:00",0.73132,0.73215,0.73132,0.73196,6.4,+0.09%
"Nov 16, 2020 22:00",0.73162,0.73199,0.73119,0.73131,-3.1,-0.04%
"Nov 16, 2020 21:00",0.73193,0.73217,0.73156,0.73207,1.4,+0.02%
"Nov 16, 2020 20:00",0.73129,0.73194,0.73098,0.73194,6.5,+0.09%
"Nov 16, 2020 19:00",0.73111,0.73172,0.7309,0.73129,1.8,+0.02%
"Nov 16, 2020 18:00",0.73178,0.73178,0.73102,0.73115,-6.3,-0.09%
"Nov 16, 2020 17:00",0.73229,0.73231,0.73147,0.7318,-4.9,-0.07%
"Nov 16, 2020 16:00",0.73214,0.73268,0.73156,0.73228,1.4,+0.02%
"Nov 16, 2020 15:00",0.72955,0.73221,0.7294,0.73214,25.9,+0.35%
"Nov 16, 2020 14:00",0.7297,0.73062,0.72899,0.72953,-1.7,-0.02%
"Nov 16, 2020 13:00",0.73002,0.73008,0.72863,0.72971,-3.1,-0.04%
"Nov 16, 2020 12:00",0.72934,0.73082,0.72885,0.72998,6.4,+0.09%
"Nov 16, 2020 11:00",0.72844,0.73094,0.7283,0.72934,9,+0.12%
"Nov 16, 2020 10:00",0.72887,0.72902,0.72811,0.72846,-4.1,-0.06%
"Nov 16, 2020 09:00",0.72969,0.73015,0.72856,0.72888,-8.1,-0.11%
"Nov 16, 2020 08:00",0.72923,0.73046,0.72916,0.72967,4.4,+0.06%
"Nov 16, 2020 07:00",0.72852,0.7293,0.72805,0.72925,7.3,+0.10%
"Nov 16, 2020 06:00",0.72846,0.72875,0.72816,0.7285,0.4,+0.01%
"Nov 16, 2020 05:00",0.72899,0.72903,0.72818,0.7285,-4.9,-0.07%
"Nov 16, 2020 04:00",0.72878,0.72899,0.72864,0.72895,1.7,+0.02%
"Nov 16, 2020 03:00",0.72951,0.72984,0.72867,0.72882,-6.9,-0.09%
"Nov 16, 2020 02:00",0.72926,0.72961,0.72901,0.72949,2.3,+0.03%
"Nov 16, 2020 01:00",0.72884,0.72979,0.72862,0.72924,4,+0.05%
"Nov 16, 2020 00:00",0.72896,0.72939,0.72838,0.72887,-0.9,-0.01%
"Nov 15, 2020 23:00",0.72649,0.72965,0.72649,0.72896,24.7,+0.34%
"Nov 15, 2020 22:00",0.72647,0.72705,0.72638,0.72656,0.9,+0.01%
"Nov 13, 2020 21:00",0.72713,0.72717,0.72683,0.72691,-2.2,-0.03%
"Nov 13, 2020 20:00",0.72635,0.72719,0.72633,0.72714,7.9,+0.11%
"Nov 13, 2020 19:00",0.7264,0.72686,0.72634,0.72637,-0.3,+0.00%
"Nov 13, 2020 18:00",0.7269,0.72731,0.72636,0.7264,-5,-0.07%
"Nov 13, 2020 17:00",0.7255,0.72697,0.7255,0.72691,14.1,+0.19%
"Nov 13, 2020 16:00",0.72465,0.72568,0.72453,0.7255,8.5,+0.12%
"Nov 13, 2020 15:00",0.72495,0.72567,0.72383,0.72465,-3,-0.04%
"Nov 13, 2020 14:00",0.72538,0.72565,0.7247,0.72493,-4.5,-0.06%
"Nov 13, 2020 13:00",0.72454,0.72566,0.72422,0.72538,8.4,+0.12%
"Nov 13, 2020 12:00",0.72489,0.72519,0.7243,0.72455,-3.4,-0.05%
"Nov 13, 2020 11:00",0.72604,0.72621,0.72482,0.72491,-11.3,-0.16%
"Nov 13, 2020 10:00",0.72509,0.72642,0.72509,0.72607,9.8,+0.13%
"Nov 13, 2020 09:00",0.72363,0.72508,0.72286,0.72507,14.4,+0.20%
"Nov 13, 2020 08:00",0.72442,0.72471,0.72309,0.72365,-7.7,-0.11%
"Nov 13, 2020 07:00",0.72379,0.72447,0.72295,0.72441,6.2,+0.09%
"Nov 13, 2020 06:00",0.7232,0.72389,0.7228,0.7238,6,+0.08%
"Nov 13, 2020 05:00",0.72289,0.72346,0.72274,0.72315,2.6,+0.04%
"Nov 13, 2020 04:00",0.72235,0.72336,0.72219,0.72288,5.3,+0.07%
"Nov 13, 2020 03:00",0.72286,0.72299,0.72225,0.72235,-5.1,-0.07%
"Nov 13, 2020 02:00",0.72267,0.7231,0.72214,0.72288,2.1,+0.03%
"Nov 13, 2020 01:00",0.72296,0.72404,0.72247,0.7227,-2.6,-0.04%
"Nov 13, 2020 00:00",0.72398,0.72418,0.72283,0.72293,-10.5,-0.15%
"Nov 12, 2020 23:00",0.72292,0.72419,0.7229,0.72397,10.5,+0.15%
"Nov 12, 2020 22:00",0.72303,0.72329,0.72269,0.7229,-1.3,-0.02%
"Nov 12, 2020 21:00",0.72302,0.72335,0.72288,0.72332,3,+0.04%
"Nov 12, 2020 20:00",0.72364,0.72369,0.72232,0.723,-6.4,-0.09%
"Nov 12, 2020 19:00",0.72434,0.72453,0.72308,0.72366,-6.8,-0.09%
"Nov 12, 2020 18:00",0.72441,0.72444,0.72309,0.72434,-0.7,-0.01%
"Nov 12, 2020 17:00",0.72663,0.72663,0.72363,0.72442,-22.1,-0.31%
"Nov 12, 2020 16:00",0.72635,0.72711,0.72611,0.72664,2.9,+0.04%
"Nov 12, 2020 15:00",0.72568,0.7268,0.72559,0.72632,6.4,+0.09%
"Nov 12, 2020 14:00",0.72701,0.72732,0.72515,0.72569,-13.2,-0.18%
"Nov 12, 2020 13:00",0.72501,0.72704,0.72477,0.72698,19.7,+0.27%
"Nov 12, 2020 12:00",0.72616,0.72658,0.7248,0.72501,-11.5,-0.16%
"Nov 12, 2020 11:00",0.7268,0.72784,0.72616,0.72616,-6.4,-0.09%
"Nov 12, 2020 10:00",0.72737,0.72822,0.72669,0.72681,-5.6,-0.08%
"Nov 12, 2020 09:00",0.7262,0.72751,0.72515,0.72736,11.6,+0.16%
"Nov 12, 2020 08:00",0.7254,0.72658,0.72517,0.72619,7.9,+0.11%
"Nov 12, 2020 07:00",0.72584,0.72654,0.72467,0.72541,-4.3,-0.06%
"Nov 12, 2020 06:00",0.72708,0.7273,0.72536,0.72583,-12.5,-0.17%
"Nov 12, 2020 05:00",0.72689,0.72788,0.72676,0.7271,2.1,+0.03%
"Nov 12, 2020 04:00",0.72745,0.72769,0.72673,0.72685,-6,-0.08%
"Nov 12, 2020 03:00",0.72845,0.72862,0.72745,0.72747,-9.8,-0.13%
"Nov 12, 2020 02:00",0.72856,0.72879,0.72782,0.72849,-0.7,-0.01%
"Nov 12, 2020 01:00",0.7283,0.72939,0.728,0.72854,2.4,+0.03%
"Nov 12, 2020 00:00",0.7284,0.72859,0.72763,0.7283,-1,-0.01%
"Nov 11, 2020 23:00",0.72771,0.72845,0.72747,0.72837,6.6,+0.09%
"Nov 11, 2020 22:00",0.72799,0.72799,0.72759,0.72769,-3,-0.04%
"Nov 11, 2020 21:00",0.72789,0.72839,0.72777,0.72796,0.7,+0.01%
"Nov 11, 2020 20:00",0.72747,0.72798,0.72724,0.72786,3.9,+0.05%
"Nov 11, 2020 19:00",0.72775,0.72808,0.72717,0.72749,-2.6,-0.04%
"Nov 11, 2020 18:00",0.72748,0.72802,0.72735,0.72773,2.5,+0.03%
"Nov 11, 2020 17:00",0.72677,0.72761,0.7267,0.72749,7.2,+0.10%
"Nov 11, 2020 16:00",0.72642,0.72682,0.72617,0.72677,3.5,+0.05%
"Nov 11, 2020 15:00",0.72674,0.72733,0.72597,0.72639,-3.5,-0.05%
"Nov 11, 2020 14:00",0.72797,0.728,0.72672,0.72673,-12.4,-0.17%
"Nov 11, 2020 13:00",0.72724,0.72814,0.72706,0.72802,7.8,+0.11%
"Nov 11, 2020 12:00",0.72789,0.72794,0.72635,0.72721,-6.8,-0.09%
"Nov 11, 2020 11:00",0.72934,0.72989,0.72789,0.72791,-14.3,-0.20%
"Nov 11, 2020 10:00",0.72989,0.7303,0.72906,0.72933,-5.6,-0.08%
"Nov 11, 2020 09:00",0.72954,0.73047,0.72898,0.72985,3.1,+0.04%
"Nov 11, 2020 08:00",0.72923,0.72986,0.72844,0.72956,3.3,+0.05%
"Nov 11, 2020 07:00",0.73044,0.73148,0.72926,0.72927,-11.7,-0.16%
"Nov 11, 2020 06:00",0.73079,0.7311,0.72988,0.73042,-3.7,-0.05%
"Nov 11, 2020 05:00",0.73081,0.73123,0.73041,0.7308,-0.1,+0.00%
"Nov 11, 2020 04:00",0.73127,0.7314,0.73048,0.73077,-5,-0.07%
"Nov 11, 2020 03:00",0.73004,0.73183,0.72998,0.7313,12.6,+0.17%
"Nov 11, 2020 02:00",0.72913,0.73096,0.72841,0.73,8.7,+0.12%
"Nov 11, 2020 01:00",0.72775,0.72943,0.72752,0.72911,13.6,+0.19%
"Nov 11, 2020 00:00",0.72816,0.72877,0.72774,0.72779,-3.7,-0.05%
"Nov 10, 2020 23:00",0.72837,0.72894,0.72791,0.72813,-2.4,-0.03%
"Nov 10, 2020 22:00",0.72844,0.72882,0.72805,0.72837,-0.7,-0.01%
"Nov 10, 2020 21:00",0.72766,0.72869,0.72759,0.72861,9.5,+0.13%
"Nov 10, 2020 20:00",0.72819,0.72828,0.72732,0.7277,-4.9,-0.07%
"Nov 10, 2020 19:00",0.72789,0.72868,0.72777,0.72818,2.9,+0.04%
"Nov 10, 2020 18:00",0.72805,0.72839,0.7269,0.7279,-1.5,-0.02%
"Nov 10, 2020 17:00",0.72722,0.72862,0.72718,0.72801,7.9,+0.11%
"Nov 10, 2020 16:00",0.72705,0.72779,0.72661,0.72725,2,+0.03%
"Nov 10, 2020 15:00",0.72604,0.72728,0.72552,0.72705,10.1,+0.14%
"Nov 10, 2020 14:00",0.72653,0.72778,0.72566,0.72604,-4.9,-0.07%
"Nov 10, 2020 13:00",0.72783,0.72841,0.72525,0.72651,-13.2,-0.18%
"Nov 10, 2020 12:00",0.72869,0.729,0.72742,0.72787,-8.2,-0.11%
"Nov 10, 2020 11:00",0.72704,0.72876,0.72669,0.72867,16.3,+0.22%
"Nov 10, 2020 10:00",0.72891,0.72941,0.727,0.72701,-19,-0.26%
"Nov 10, 2020 09:00",0.72835,0.7294,0.72824,0.72894,5.9,+0.08%
"Nov 10, 2020 08:00",0.72759,0.72895,0.72748,0.72839,8,+0.11%
"Nov 10, 2020 07:00",0.72859,0.72932,0.72757,0.72759,-10,-0.14%
"Nov 10, 2020 06:00",0.72796,0.72861,0.72752,0.72857,6.1,+0.08%
"Nov 10, 2020 05:00",0.72807,0.72877,0.72776,0.72794,-1.3,-0.02%
"Nov 10, 2020 04:00",0.72765,0.72857,0.72762,0.72809,4.4,+0.06%
"Nov 10, 2020 03:00",0.72803,0.7285,0.72727,0.72768,-3.5,-0.05%
"Nov 10, 2020 02:00",0.72746,0.72884,0.72743,0.728,5.4,+0.07%
"Nov 10, 2020 01:00",0.72782,0.72844,0.72708,0.72749,-3.3,-0.05%
"Nov 10, 2020 00:00",0.72788,0.72866,0.72673,0.72779,-0.9,-0.01%
"Nov 09, 2020 23:00",0.72702,0.72855,0.72691,0.7279,8.8,+0.12%
"Nov 09, 2020 22:00",0.72804,0.72833,0.72669,0.72701,-10.3,-0.14%
"Nov 09, 2020 21:00",0.72811,0.72822,0.72749,0.72789,-2.2,-0.03%
"Nov 09, 2020 20:00",0.72906,0.72996,0.72774,0.72814,-9.2,-0.13%
"Nov 09, 2020 19:00",0.72743,0.72946,0.72743,0.72906,16.3,+0.22%
"Nov 09, 2020 18:00",0.72867,0.72869,0.72687,0.72743,-12.4,-0.17%
"Nov 09, 2020 17:00",0.72715,0.72923,0.72714,0.72864,14.9,+0.20%
"Nov 09, 2020 16:00",0.72969,0.72971,0.72678,0.72714,-25.5,-0.35%
"Nov 09, 2020 15:00",0.72984,0.73191,0.72758,0.72969,-1.5,-0.02%
"Nov 09, 2020 14:00",0.73254,0.73396,0.72942,0.72983,-27.1,-0.37%
"Nov 09, 2020 13:00",0.73358,0.73396,0.73068,0.73254,-10.4,-0.14%
"Nov 09, 2020 12:00",0.73196,0.73389,0.72943,0.73363,16.7,+0.23%
"Nov 09, 2020 11:00",0.72805,0.73301,0.72676,0.73197,39.2,+0.54%
"Nov 09, 2020 10:00",0.72689,0.72816,0.72667,0.72806,11.7,+0.16%
"Nov 09, 2020 09:00",0.72768,0.72909,0.72682,0.7269,-7.8,-0.11%
"Nov 09, 2020 08:00",0.72861,0.7297,0.7272,0.72763,-9.8,-0.13%
"Nov 09, 2020 07:00",0.72905,0.72997,0.72783,0.72861,-4.4,-0.06%
"Nov 09, 2020 06:00",0.72967,0.72997,0.72843,0.72907,-6,-0.08%
"Nov 09, 2020 05:00",0.72911,0.73007,0.72902,0.7297,5.9,+0.08%
"Nov 09, 2020 04:00",0.72891,0.72982,0.72883,0.72911,2,+0.03%
"Nov 09, 2020 03:00",0.72845,0.72895,0.72802,0.72886,4.1,+0.06%
"Nov 09, 2020 02:00",0.72835,0.72873,0.72788,0.72845,1,+0.01%
"Nov 09, 2020 01:00",0.72709,0.72872,0.727,0.7284,13.1,+0.18%
"Nov 09, 2020 00:00",0.72865,0.72887,0.72681,0.72706,-15.9,-0.22%
"Nov 08, 2020 23:00",0.7276,0.72897,0.72712,0.72859,9.9,+0.14%
"Nov 08, 2020 22:00",0.72716,0.72799,0.72716,0.72762,4.6,+0.06%
"Nov 06, 2020 21:00",0.72584,0.72625,0.72566,0.72593,0.9,+0.01%
"Nov 06, 2020 20:00",0.72663,0.72667,0.72577,0.72583,-8,-0.11%
"Nov 06, 2020 19:00",0.72694,0.72718,0.72654,0.72664,-3,-0.04%
"Nov 06, 2020 18:00",0.72707,0.72734,0.72669,0.72698,-0.9,-0.01%
"Nov 06, 2020 17:00",0.72672,0.72742,0.72654,0.72709,3.7,+0.05%
"Nov 06, 2020 16:00",0.72685,0.72755,0.72647,0.72671,-1.4,-0.02%
"Nov 06, 2020 15:00",0.72515,0.72801,0.72486,0.72685,17,+0.23%
"Nov 06, 2020 14:00",0.72718,0.72788,0.72386,0.72513,-20.5,-0.28%
"Nov 06, 2020 13:00",0.72556,0.72734,0.72506,0.72716,16,+0.22%
"Nov 06, 2020 12:00",0.72687,0.72732,0.72454,0.72559,-12.8,-0.18%
"Nov 06, 2020 11:00",0.72781,0.72874,0.7268,0.72687,-9.4,-0.13%
"Nov 06, 2020 10:00",0.72679,0.72827,0.72626,0.72778,9.9,+0.14%
"Nov 06, 2020 09:00",0.72589,0.72705,0.72458,0.72679,9,+0.12%
"Nov 06, 2020 08:00",0.72769,0.7281,0.72582,0.72592,-17.7,-0.24%
"Nov 06, 2020 07:00",0.72651,0.72767,0.72606,0.72767,11.6,+0.16%
"Nov 06, 2020 06:00",0.72618,0.7272,0.72595,0.72649,3.1,+0.04%
"Nov 06, 2020 05:00",0.72607,0.72702,0.72558,0.7262,1.3,+0.02%
"Nov 06, 2020 04:00",0.72538,0.72692,0.72487,0.72605,6.7,+0.09%
"Nov 06, 2020 03:00",0.72647,0.72653,0.72502,0.72537,-11,-0.15%
"Nov 06, 2020 02:00",0.72682,0.72694,0.72566,0.72648,-3.4,-0.05%
"Nov 06, 2020 01:00",0.72538,0.72725,0.72498,0.72681,14.3,+0.20%
"Nov 06, 2020 00:00",0.7262,0.72802,0.72517,0.72538,-8.2,-0.11%
"Nov 05, 2020 23:00",0.72583,0.72697,0.72548,0.72621,3.8,+0.05%
"Nov 05, 2020 22:00",0.72822,0.72835,0.72561,0.72584,-23.8,-0.33%
"Nov 05, 2020 21:00",0.72811,0.72891,0.72804,0.72831,2,+0.03%
"Nov 05, 2020 20:00",0.72849,0.72872,0.72617,0.72813,-3.6,-0.05%
"Nov 05, 2020 19:00",0.7273,0.72893,0.72708,0.72849,11.9,+0.16%
"Nov 05, 2020 18:00",0.7266,0.72772,0.72626,0.72731,7.1,+0.10%
"Nov 05, 2020 17:00",0.72638,0.72691,0.72494,0.72654,1.6,+0.02%
"Nov 05, 2020 16:00",0.72724,0.7274,0.72594,0.7264,-8.4,-0.12%
"Nov 05, 2020 15:00",0.72497,0.72753,0.72441,0.72723,22.6,+0.31%
"Nov 05, 2020 14:00",0.72483,0.72533,0.72317,0.72497,1.4,+0.02%
"Nov 05, 2020 13:00",0.72454,0.72545,0.72297,0.72482,2.8,+0.04%
"Nov 05, 2020 12:00",0.72146,0.72468,0.72081,0.72457,31.1,+0.43%
"Nov 05, 2020 11:00",0.72173,0.72198,0.72028,0.72143,-3,-0.04%
"Nov 05, 2020 10:00",0.72121,0.722,0.72042,0.72173,5.2,+0.07%
"Nov 05, 2020 09:00",0.7196,0.72188,0.719,0.72121,16.1,+0.22%
"Nov 05, 2020 08:00",0.71926,0.72148,0.71846,0.71959,3.3,+0.05%
"Nov 05, 2020 07:00",0.71675,0.71943,0.71648,0.71925,25,+0.35%
"Nov 05, 2020 06:00",0.71689,0.71743,0.71654,0.71677,-1.2,-0.02%
"Nov 05, 2020 05:00",0.71644,0.71769,0.71583,0.71689,4.5,+0.06%
"Nov 05, 2020 04:00",0.7176,0.71768,0.71627,0.71649,-11.1,-0.15%
"Nov 05, 2020 03:00",0.71685,0.71788,0.71671,0.71756,7.1,+0.10%
"Nov 05, 2020 02:00",0.71646,0.71712,0.71448,0.71686,4,+0.06%
"Nov 05, 2020 01:00",0.71744,0.71772,0.71598,0.71648,-9.6,-0.13%
"Nov 05, 2020 00:00",0.71799,0.71894,0.71679,0.7174,-5.9,-0.08%
"Nov 04, 2020 23:00",0.71665,0.71846,0.71635,0.71796,13.1,+0.18%
"Nov 04, 2020 22:00",0.71754,0.71815,0.71636,0.71669,-8.5,-0.12%
"Nov 04, 2020 21:00",0.71744,0.71865,0.71725,0.71771,2.7,+0.04%
"Nov 04, 2020 20:00",0.71891,0.71926,0.71698,0.71746,-14.5,-0.20%
"Nov 04, 2020 19:00",0.7188,0.71904,0.71784,0.71888,0.8,+0.01%
"Nov 04, 2020 18:00",0.7179,0.71952,0.71766,0.71882,9.2,+0.13%
"Nov 04, 2020 17:00",0.71921,0.71946,0.71758,0.7179,-13.1,-0.18%
"Nov 04, 2020 16:00",0.7159,0.71985,0.71481,0.71917,32.7,+0.45%
"Nov 04, 2020 15:00",0.7153,0.71738,0.71488,0.71593,6.3,+0.09%
"Nov 04, 2020 14:00",0.71377,0.71541,0.71239,0.71527,15,+0.21%
"Nov 04, 2020 13:00",0.71677,0.71727,0.7134,0.71382,-29.5,-0.41%
"Nov 04, 2020 12:00",0.71309,0.71735,0.71256,0.71668,35.9,+0.50%
"Nov 04, 2020 11:00",0.71143,0.71351,0.71077,0.71312,16.9,+0.24%
"Nov 04, 2020 10:00",0.70976,0.71232,0.70886,0.71142,16.6,+0.23%
"Nov 04, 2020 09:00",0.70756,0.71098,0.70695,0.70976,22,+0.31%
"Nov 04, 2020 08:00",0.70827,0.70949,0.70643,0.70764,-6.3,-0.09%
"Nov 04, 2020 07:00",0.70948,0.70997,0.70594,0.70828,-12,-0.17%
"Nov 04, 2020 06:00",0.7106,0.71185,0.70815,0.7095,-11,-0.16%
"Nov 04, 2020 05:00",0.71049,0.71369,0.70969,0.71062,1.3,+0.02%
"Nov 04, 2020 04:00",0.71073,0.71286,0.7095,0.71049,-2.4,-0.03%
"Nov 04, 2020 03:00",0.70782,0.71309,0.70766,0.7107,28.8,+0.41%
"Nov 04, 2020 02:00",0.71396,0.71488,0.70482,0.70782,-61.4,-0.87%
"Nov 04, 2020 01:00",0.71286,0.71667,0.71246,0.71394,10.8,+0.15%
"Nov 04, 2020 00:00",0.71968,0.7222,0.71272,0.71287,-68.1,-0.96%
"Nov 03, 2020 23:00",0.71634,0.72047,0.71633,0.71962,32.8,+0.46%
"Nov 03, 2020 22:00",0.71621,0.71646,0.71515,0.71632,1.1,+0.02%
"Nov 03, 2020 21:00",0.71459,0.71693,0.71428,0.7164,18.1,+0.25%
"Nov 03, 2020 20:00",0.71411,0.71526,0.71366,0.71466,5.5,+0.08%
"Nov 03, 2020 19:00",0.71472,0.71476,0.71382,0.71406,-6.6,-0.09%
"Nov 03, 2020 18:00",0.71592,0.71604,0.71465,0.71472,-12,-0.17%
"Nov 03, 2020 17:00",0.71593,0.71662,0.71555,0.71596,0.3,+0.00%
"Nov 03, 2020 16:00",0.71652,0.71744,0.71577,0.71586,-6.6,-0.09%
"Nov 03, 2020 15:00",0.71284,0.71695,0.71278,0.71655,37.1,+0.52%
"Nov 03, 2020 14:00",0.71267,0.71426,0.71267,0.71284,1.7,+0.02%
"Nov 03, 2020 13:00",0.71297,0.71433,0.71245,0.71266,-3.1,-0.04%
"Nov 03, 2020 12:00",0.71297,0.7139,0.71275,0.71298,0.1,+0.00%
"Nov 03, 2020 11:00",0.71139,0.71311,0.71136,0.71296,15.7,+0.22%
"Nov 03, 2020 10:00",0.71244,0.71258,0.71128,0.71137,-10.7,-0.15%
"Nov 03, 2020 09:00",0.7103,0.71329,0.70975,0.71248,21.8,+0.31%
"Nov 03, 2020 08:00",0.70699,0.71039,0.70657,0.71029,33,+0.46%
"Nov 03, 2020 07:00",0.70479,0.70711,0.70462,0.70701,22.2,+0.31%
"Nov 03, 2020 06:00",0.70437,0.70522,0.7037,0.70474,3.7,+0.05%
"Nov 03, 2020 05:00",0.7029,0.70469,0.70276,0.70436,14.6,+0.21%
