"Dec 31, 2020 00:00",1.27513,1.27565,1.27449,1.27459,-5.4,-0.04%
"Dec 30, 2020 23:00",1.27522,1.27532,1.27496,1.27514,-0.8,-0.01%
"Dec 30, 2020 22:00",1.27525,1.27609,1.27494,1.27516,-0.9,-0.01%
"Dec 30, 2020 21:00",1.27641,1.27641,1.27498,1.27514,-12.7,-0.10%
"Dec 30, 2020 20:00",1.27651,1.27687,1.27607,1.27638,-1.3,-0.01%
"Dec 30, 2020 19:00",1.27636,1.27705,1.2762,1.27653,1.7,+0.01%
"Dec 30, 2020 18:00",1.27665,1.27687,1.27598,1.27636,-2.9,-0.02%
"Dec 30, 2020 17:00",1.27642,1.27714,1.27621,1.27669,2.7,+0.02%
"Dec 30, 2020 16:00",1.276,1.27659,1.27492,1.27638,3.8,+0.03%
"Dec 30, 2020 15:00",1.27747,1.27815,1.27583,1.27586,-16.1,-0.13%
"Dec 30, 2020 14:00",1.2792,1.28,1.27733,1.27746,-17.4,-0.14%
"Dec 30, 2020 13:00",1.27826,1.27931,1.278,1.27922,9.6,+0.08%
"Dec 30, 2020 12:00",1.27745,1.27848,1.2774,1.27829,8.4,+0.07%
"Dec 30, 2020 11:00",1.27823,1.27841,1.27721,1.2775,-7.3,-0.06%
"Dec 30, 2020 10:00",1.28017,1.28032,1.27808,1.27817,-20,-0.16%
"Dec 30, 2020 09:00",1.28013,1.28098,1.27984,1.28017,0.4,+0.00%
"Dec 30, 2020 08:00",1.27969,1.28074,1.27922,1.28015,4.6,+0.04%
"Dec 30, 2020 07:00",1.27926,1.27985,1.2784,1.27972,4.6,+0.04%
"Dec 30, 2020 06:00",1.27937,1.28017,1.27903,1.27928,-0.9,-0.01%
"Dec 30, 2020 05:00",1.27905,1.2794,1.27849,1.27937,3.2,+0.03%
"Dec 30, 2020 04:00",1.27979,1.27985,1.27864,1.279,-7.9,-0.06%
"Dec 30, 2020 03:00",1.27967,1.27999,1.27949,1.27983,1.6,+0.01%
"Dec 30, 2020 02:00",1.2802,1.28035,1.27949,1.27963,-5.7,-0.04%
"Dec 30, 2020 01:00",1.28113,1.28131,1.2801,1.28024,-8.9,-0.07%
"Dec 30, 2020 00:00",1.28225,1.28273,1.28051,1.28115,-11,-0.09%
"Dec 29, 2020 23:00",1.28188,1.28229,1.28156,1.28223,3.5,+0.03%
"Dec 29, 2020 22:00",1.28152,1.28214,1.28131,1.28186,3.4,+0.03%
"Dec 29, 2020 21:00",1.28155,1.28202,1.28121,1.28197,4.2,+0.03%
"Dec 29, 2020 20:00",1.28121,1.28172,1.28065,1.2815,2.9,+0.02%
"Dec 29, 2020 19:00",1.28125,1.2817,1.28048,1.28124,-0.1,+0.00%
"Dec 29, 2020 18:00",1.28161,1.28199,1.28097,1.28124,-3.7,-0.03%
"Dec 29, 2020 17:00",1.27947,1.28187,1.27852,1.28159,21.2,+0.17%
"Dec 29, 2020 16:00",1.28022,1.28081,1.27918,1.27949,-7.3,-0.06%
"Dec 29, 2020 15:00",1.27998,1.28187,1.27956,1.28021,2.3,+0.02%
"Dec 29, 2020 14:00",1.27986,1.28056,1.27798,1.28,1.4,+0.01%
"Dec 29, 2020 13:00",1.28152,1.28217,1.27946,1.27988,-16.4,-0.13%
"Dec 29, 2020 12:00",1.28132,1.28178,1.28078,1.28151,1.9,+0.01%
"Dec 29, 2020 11:00",1.28119,1.28172,1.28033,1.28131,1.2,+0.01%
"Dec 29, 2020 10:00",1.28157,1.28166,1.28057,1.28119,-3.8,-0.03%
"Dec 29, 2020 09:00",1.28214,1.28243,1.28157,1.28157,-5.7,-0.04%
"Dec 29, 2020 08:00",1.28199,1.28226,1.28079,1.28218,1.9,+0.01%
"Dec 29, 2020 07:00",1.28227,1.28235,1.28145,1.28198,-2.9,-0.02%
"Dec 29, 2020 06:00",1.28238,1.28276,1.28219,1.28232,-0.6,+0.00%
"Dec 29, 2020 05:00",1.28268,1.28304,1.28235,1.28237,-3.1,-0.02%
"Dec 29, 2020 04:00",1.28247,1.28293,1.28247,1.28268,2.1,+0.02%
"Dec 29, 2020 03:00",1.28308,1.28316,1.28245,1.28246,-6.2,-0.05%
"Dec 29, 2020 02:00",1.28341,1.28393,1.28262,1.28306,-3.5,-0.03%
"Dec 29, 2020 01:00",1.28436,1.28436,1.28317,1.28346,-9,-0.07%
"Dec 29, 2020 00:00",1.28433,1.2844,1.28362,1.28432,-0.1,+0.00%
"Dec 28, 2020 23:00",1.2847,1.2847,1.28421,1.28433,-3.7,-0.03%
"Dec 28, 2020 22:00",1.28537,1.28562,1.2843,1.28466,-7.1,-0.06%
"Dec 28, 2020 21:00",1.28441,1.28501,1.28413,1.28466,2.5,+0.02%
"Dec 28, 2020 20:00",1.2842,1.28512,1.28413,1.28441,2.1,+0.02%
"Dec 28, 2020 19:00",1.28543,1.28594,1.28416,1.28422,-12.1,-0.09%
"Dec 28, 2020 18:00",1.28636,1.28665,1.28492,1.28543,-9.3,-0.07%
"Dec 28, 2020 17:00",1.28717,1.28755,1.28615,1.28636,-8.1,-0.06%
"Dec 28, 2020 16:00",1.28675,1.28758,1.28631,1.28722,4.7,+0.04%
"Dec 28, 2020 15:00",1.28301,1.28762,1.28287,1.2867,36.9,+0.29%
"Dec 28, 2020 14:00",1.28317,1.28332,1.28189,1.28304,-1.3,-0.01%
"Dec 28, 2020 13:00",1.28357,1.28374,1.28268,1.28313,-4.4,-0.03%
"Dec 28, 2020 12:00",1.28449,1.28508,1.28353,1.28356,-9.3,-0.07%
"Dec 28, 2020 11:00",1.28367,1.28495,1.28359,1.28451,8.4,+0.07%
"Dec 28, 2020 10:00",1.28161,1.28392,1.28159,1.2837,20.9,+0.16%
"Dec 28, 2020 09:00",1.28207,1.28234,1.28132,1.28161,-4.6,-0.04%
"Dec 28, 2020 08:00",1.28303,1.28349,1.282,1.28209,-9.4,-0.07%
"Dec 28, 2020 07:00",1.28309,1.28338,1.28258,1.28306,-0.3,+0.00%
"Dec 28, 2020 06:00",1.28402,1.28427,1.28291,1.28307,-9.5,-0.07%
"Dec 28, 2020 05:00",1.28447,1.28477,1.28388,1.284,-4.7,-0.04%
"Dec 28, 2020 04:00",1.28532,1.28579,1.28436,1.28446,-8.6,-0.07%
"Dec 28, 2020 03:00",1.28467,1.28533,1.2842,1.28528,6.1,+0.05%
"Dec 28, 2020 02:00",1.28468,1.28487,1.28389,1.28473,0.5,+0.00%
"Dec 28, 2020 01:00",1.28512,1.28537,1.28421,1.28465,-4.7,-0.04%
"Dec 28, 2020 00:00",1.28404,1.28605,1.28346,1.28513,10.9,+0.08%
"Dec 27, 2020 23:00",1.28536,1.28557,1.28322,1.28408,-12.8,-0.10%
"Dec 27, 2020 22:00",1.28436,1.2855,1.28422,1.28538,10.2,+0.08%
"Dec 24, 2020 21:00",1.28453,1.28798,1.2845,1.28617,16.4,+0.13%
"Dec 24, 2020 20:00",1.2845,1.28474,1.28442,1.28452,0.2,+0.00%
"Dec 24, 2020 19:00",1.28427,1.28486,1.28357,1.28454,2.7,+0.02%
"Dec 24, 2020 18:00",1.28133,1.28454,1.28128,1.28432,29.9,+0.23%
"Dec 24, 2020 17:00",1.2828,1.28334,1.28129,1.28131,-14.9,-0.12%
"Dec 24, 2020 16:00",1.28423,1.28425,1.28194,1.28284,-13.9,-0.11%
"Dec 24, 2020 15:00",1.28271,1.28477,1.28195,1.28424,15.3,+0.12%
"Dec 24, 2020 14:00",1.28387,1.28418,1.28253,1.28273,-11.4,-0.09%
"Dec 24, 2020 13:00",1.28443,1.28513,1.28367,1.28385,-5.8,-0.05%
"Dec 24, 2020 12:00",1.28365,1.28455,1.28344,1.28442,7.7,+0.06%
"Dec 24, 2020 11:00",1.28388,1.28441,1.28361,1.28367,-2.1,-0.02%
"Dec 24, 2020 10:00",1.28387,1.2842,1.28311,1.2839,0.3,+0.00%
"Dec 24, 2020 09:00",1.28485,1.28511,1.28371,1.28384,-10.1,-0.08%
"Dec 24, 2020 08:00",1.28478,1.28531,1.28326,1.28481,0.3,+0.00%
"Dec 24, 2020 07:00",1.28471,1.28511,1.28404,1.28483,1.2,+0.01%
"Dec 24, 2020 06:00",1.28489,1.28524,1.2847,1.28474,-1.5,-0.01%
"Dec 24, 2020 05:00",1.28487,1.28542,1.28474,1.28488,0.1,+0.00%
"Dec 24, 2020 04:00",1.28439,1.28494,1.28439,1.2849,5.1,+0.04%
"Dec 24, 2020 03:00",1.28424,1.28499,1.28382,1.2844,1.6,+0.01%
"Dec 24, 2020 02:00",1.28393,1.28436,1.28314,1.2842,2.7,+0.02%
"Dec 24, 2020 01:00",1.28458,1.28479,1.28342,1.28393,-6.5,-0.05%
"Dec 24, 2020 00:00",1.28427,1.28504,1.28404,1.28458,3.1,+0.02%
"Dec 23, 2020 23:00",1.28477,1.2851,1.28429,1.28431,-4.6,-0.04%
"Dec 23, 2020 22:00",1.28473,1.28499,1.28454,1.28481,0.8,+0.01%
"Dec 23, 2020 21:00",1.28518,1.28579,1.28433,1.28443,-7.5,-0.06%
"Dec 23, 2020 20:00",1.28555,1.28644,1.28478,1.2852,-3.5,-0.03%
"Dec 23, 2020 19:00",1.2855,1.2865,1.28471,1.28555,0.5,+0.00%
"Dec 23, 2020 18:00",1.28398,1.28551,1.28371,1.2855,15.2,+0.12%
"Dec 23, 2020 17:00",1.28415,1.28492,1.2834,1.28401,-1.4,-0.01%
"Dec 23, 2020 16:00",1.28604,1.28609,1.28369,1.28413,-19.1,-0.15%
"Dec 23, 2020 15:00",1.28571,1.28674,1.28458,1.28608,3.7,+0.03%
"Dec 23, 2020 14:00",1.28827,1.28865,1.28458,1.28567,-26,-0.20%
"Dec 23, 2020 13:00",1.28792,1.28868,1.28744,1.28824,3.2,+0.02%
"Dec 23, 2020 12:00",1.28743,1.28811,1.28699,1.28792,4.9,+0.04%
"Dec 23, 2020 11:00",1.287,1.28785,1.28655,1.28743,4.3,+0.03%
"Dec 23, 2020 10:00",1.28758,1.28785,1.28661,1.28703,-5.5,-0.04%
"Dec 23, 2020 09:00",1.28808,1.28832,1.28673,1.28759,-4.9,-0.04%
"Dec 23, 2020 08:00",1.2884,1.28953,1.28787,1.28812,-2.8,-0.02%
"Dec 23, 2020 07:00",1.28955,1.28964,1.28807,1.28843,-11.2,-0.09%
"Dec 23, 2020 06:00",1.28931,1.28987,1.28919,1.28959,2.8,+0.02%
"Dec 23, 2020 05:00",1.28905,1.28947,1.28897,1.28927,2.2,+0.02%
"Dec 23, 2020 04:00",1.28876,1.28923,1.2885,1.289,2.4,+0.02%
"Dec 23, 2020 03:00",1.28941,1.28962,1.28844,1.28874,-6.7,-0.05%
"Dec 23, 2020 02:00",1.29024,1.29049,1.28927,1.28944,-8,-0.06%
"Dec 23, 2020 01:00",1.29094,1.29152,1.28925,1.29023,-7.1,-0.06%
"Dec 23, 2020 00:00",1.28925,1.29147,1.28906,1.29093,16.8,+0.13%
"Dec 22, 2020 23:00",1.29072,1.29095,1.28917,1.28921,-15.1,-0.12%
"Dec 22, 2020 22:00",1.29056,1.29107,1.29047,1.29075,1.9,+0.01%
"Dec 22, 2020 21:00",1.29119,1.2915,1.29042,1.2909,-2.9,-0.02%
"Dec 22, 2020 20:00",1.29024,1.29168,1.29005,1.29116,9.2,+0.07%
"Dec 22, 2020 19:00",1.29164,1.29164,1.28998,1.29024,-14,-0.11%
"Dec 22, 2020 18:00",1.29103,1.29195,1.2906,1.29161,5.8,+0.04%
"Dec 22, 2020 17:00",1.29188,1.29247,1.29091,1.29103,-8.5,-0.07%
"Dec 22, 2020 16:00",1.29286,1.29339,1.29139,1.29188,-9.8,-0.08%
"Dec 22, 2020 15:00",1.29097,1.29337,1.29008,1.29286,18.9,+0.15%
"Dec 22, 2020 14:00",1.28959,1.29149,1.28883,1.29097,13.8,+0.11%
"Dec 22, 2020 13:00",1.2863,1.28969,1.28608,1.28961,33.1,+0.26%
"Dec 22, 2020 12:00",1.28662,1.28683,1.2855,1.2863,-3.2,-0.02%
"Dec 22, 2020 11:00",1.2867,1.28742,1.28633,1.28659,-1.1,-0.01%
"Dec 22, 2020 10:00",1.28859,1.28877,1.28665,1.2867,-18.9,-0.15%
"Dec 22, 2020 09:00",1.28712,1.28862,1.28687,1.28856,14.4,+0.11%
"Dec 22, 2020 08:00",1.28733,1.28806,1.28647,1.28711,-2.2,-0.02%
"Dec 22, 2020 07:00",1.28863,1.28893,1.28651,1.28735,-12.8,-0.10%
"Dec 22, 2020 06:00",1.28794,1.28881,1.2874,1.28863,6.9,+0.05%
"Dec 22, 2020 05:00",1.28734,1.28832,1.28714,1.28793,5.9,+0.05%
"Dec 22, 2020 04:00",1.28655,1.28766,1.28646,1.28738,8.3,+0.06%
"Dec 22, 2020 03:00",1.28532,1.28716,1.28524,1.28659,12.7,+0.10%
"Dec 22, 2020 02:00",1.28593,1.286,1.28509,1.28528,-6.5,-0.05%
"Dec 22, 2020 01:00",1.28613,1.28641,1.2855,1.28596,-1.7,-0.01%
"Dec 22, 2020 00:00",1.28525,1.28649,1.2847,1.28613,8.8,+0.07%
"Dec 21, 2020 23:00",1.28547,1.28562,1.2843,1.28527,-2,-0.02%
"Dec 21, 2020 22:00",1.28564,1.2857,1.28468,1.28548,-1.6,-0.01%
"Dec 21, 2020 21:00",1.28531,1.2862,1.2851,1.28587,5.6,+0.04%
"Dec 21, 2020 20:00",1.28293,1.28551,1.2826,1.28531,23.8,+0.19%
"Dec 21, 2020 19:00",1.28291,1.28328,1.28199,1.28298,0.7,+0.01%
"Dec 21, 2020 18:00",1.28285,1.28373,1.28226,1.28292,0.7,+0.01%
"Dec 21, 2020 17:00",1.28368,1.28448,1.28277,1.28286,-8.2,-0.06%
"Dec 21, 2020 16:00",1.287,1.28706,1.2836,1.28366,-33.4,-0.26%
"Dec 21, 2020 15:00",1.28653,1.28739,1.28568,1.287,4.7,+0.04%
"Dec 21, 2020 14:00",1.28816,1.28829,1.28509,1.28652,-16.4,-0.13%
"Dec 21, 2020 13:00",1.28897,1.28929,1.28719,1.28818,-7.9,-0.06%
"Dec 21, 2020 12:00",1.28998,1.29013,1.28745,1.289,-9.8,-0.08%
"Dec 21, 2020 11:00",1.2928,1.29308,1.28827,1.29002,-27.8,-0.22%
"Dec 21, 2020 10:00",1.29098,1.29572,1.29087,1.29282,18.4,+0.14%
"Dec 21, 2020 09:00",1.28777,1.29116,1.28774,1.29099,32.2,+0.25%
"Dec 21, 2020 08:00",1.28815,1.28922,1.28661,1.28777,-3.8,-0.03%
"Dec 21, 2020 07:00",1.28467,1.28822,1.28444,1.2881,34.3,+0.27%
"Dec 21, 2020 06:00",1.28402,1.28525,1.28402,1.28464,6.2,+0.05%
"Dec 21, 2020 05:00",1.28405,1.28478,1.28389,1.28401,-0.4,+0.00%
"Dec 21, 2020 04:00",1.28511,1.2852,1.28398,1.28409,-10.2,-0.08%
"Dec 21, 2020 03:00",1.28513,1.2854,1.28481,1.28515,0.2,+0.00%
"Dec 21, 2020 02:00",1.28212,1.2855,1.28149,1.28518,30.6,+0.24%
"Dec 21, 2020 01:00",1.28147,1.28243,1.2806,1.28216,6.9,+0.05%
"Dec 21, 2020 00:00",1.28104,1.28163,1.2806,1.28148,4.4,+0.03%
"Dec 20, 2020 23:00",1.27879,1.28116,1.27875,1.28102,22.3,+0.17%
"Dec 20, 2020 22:00",1.27976,1.27997,1.27806,1.27878,-9.8,-0.08%
"Dec 18, 2020 21:00",1.27816,1.27941,1.27742,1.27822,0.6,+0.00%
"Dec 18, 2020 20:00",1.27877,1.27902,1.27755,1.27813,-6.4,-0.05%
"Dec 18, 2020 19:00",1.2795,1.2795,1.27843,1.27876,-7.4,-0.06%
"Dec 18, 2020 18:00",1.2789,1.27962,1.27851,1.27953,6.3,+0.05%
"Dec 18, 2020 17:00",1.27764,1.27985,1.2775,1.27889,12.5,+0.10%
"Dec 18, 2020 16:00",1.27757,1.27862,1.27703,1.27762,0.5,+0.00%
"Dec 18, 2020 15:00",1.27681,1.2782,1.2748,1.27758,7.7,+0.06%
"Dec 18, 2020 14:00",1.27594,1.27753,1.27466,1.27687,9.3,+0.07%
"Dec 18, 2020 13:00",1.27546,1.27637,1.27487,1.27595,4.9,+0.04%
"Dec 18, 2020 12:00",1.27532,1.2755,1.27401,1.27543,1.1,+0.01%
"Dec 18, 2020 11:00",1.27601,1.27617,1.27517,1.27533,-6.8,-0.05%
"Dec 18, 2020 10:00",1.27594,1.27646,1.2754,1.27599,0.5,+0.00%
"Dec 18, 2020 09:00",1.27477,1.27621,1.27424,1.27593,11.6,+0.09%
"Dec 18, 2020 08:00",1.27498,1.27556,1.27378,1.27482,-1.6,-0.01%
"Dec 18, 2020 07:00",1.27456,1.27505,1.27411,1.27497,4.1,+0.03%
"Dec 18, 2020 06:00",1.27536,1.27545,1.27424,1.2746,-7.6,-0.06%
"Dec 18, 2020 05:00",1.27481,1.27552,1.27463,1.27532,5.1,+0.04%
"Dec 18, 2020 04:00",1.27458,1.27489,1.27433,1.27484,2.6,+0.02%
"Dec 18, 2020 03:00",1.27486,1.27495,1.27448,1.27455,-3.1,-0.02%
"Dec 18, 2020 02:00",1.27398,1.27493,1.27378,1.27486,8.8,+0.07%
"Dec 18, 2020 01:00",1.27393,1.27406,1.27285,1.274,0.7,+0.01%
"Dec 18, 2020 00:00",1.27322,1.27414,1.27299,1.27393,7.1,+0.06%
"Dec 17, 2020 23:00",1.2722,1.27327,1.27214,1.27325,10.5,+0.08%
"Dec 17, 2020 22:00",1.27192,1.27263,1.27166,1.27219,2.7,+0.02%
"Dec 17, 2020 21:00",1.27301,1.27325,1.27206,1.27218,-8.3,-0.07%
"Dec 17, 2020 20:00",1.27292,1.2738,1.27244,1.27301,0.9,+0.01%
"Dec 17, 2020 19:00",1.27307,1.27314,1.27203,1.27292,-1.5,-0.01%
"Dec 17, 2020 18:00",1.27164,1.27347,1.27158,1.27309,14.5,+0.11%
"Dec 17, 2020 17:00",1.27148,1.27248,1.27125,1.27164,1.6,+0.01%
"Dec 17, 2020 16:00",1.27209,1.2728,1.27141,1.27145,-6.4,-0.05%
"Dec 17, 2020 15:00",1.26962,1.27226,1.26889,1.27211,24.9,+0.20%
"Dec 17, 2020 14:00",1.27174,1.27228,1.26919,1.26958,-21.6,-0.17%
"Dec 17, 2020 13:00",1.27037,1.27188,1.26974,1.27175,13.8,+0.11%
"Dec 17, 2020 12:00",1.27017,1.27089,1.27005,1.27038,2.1,+0.02%
"Dec 17, 2020 11:00",1.27038,1.27083,1.27004,1.27017,-2.1,-0.02%
"Dec 17, 2020 10:00",1.27046,1.27082,1.2701,1.2704,-0.6,+0.00%
"Dec 17, 2020 09:00",1.27033,1.27085,1.26996,1.27049,1.6,+0.01%
"Dec 17, 2020 08:00",1.2702,1.27076,1.26995,1.27029,0.9,+0.01%
"Dec 17, 2020 07:00",1.27108,1.27112,1.27008,1.27021,-8.7,-0.07%
"Dec 17, 2020 06:00",1.2712,1.2714,1.27098,1.27109,-1.1,-0.01%
"Dec 17, 2020 05:00",1.27211,1.27213,1.27108,1.27118,-9.3,-0.07%
"Dec 17, 2020 04:00",1.27266,1.27295,1.27204,1.2721,-5.6,-0.04%
"Dec 17, 2020 03:00",1.27297,1.27311,1.27258,1.27269,-2.8,-0.02%
"Dec 17, 2020 02:00",1.27381,1.27421,1.27278,1.27294,-8.7,-0.07%
"Dec 17, 2020 01:00",1.27438,1.27438,1.27277,1.27381,-5.7,-0.04%
"Dec 17, 2020 00:00",1.27472,1.27502,1.2743,1.27438,-3.4,-0.03%
"Dec 16, 2020 23:00",1.27416,1.27478,1.27406,1.27476,6,+0.05%
"Dec 16, 2020 22:00",1.27387,1.27453,1.27353,1.27416,2.9,+0.02%
"Dec 16, 2020 21:00",1.27421,1.27514,1.27374,1.27394,-2.7,-0.02%
"Dec 16, 2020 20:00",1.27558,1.27562,1.27346,1.2742,-13.8,-0.11%
"Dec 16, 2020 19:00",1.27541,1.27895,1.27469,1.27559,1.8,+0.01%
"Dec 16, 2020 18:00",1.27555,1.27596,1.275,1.27542,-1.3,-0.01%
"Dec 16, 2020 17:00",1.27554,1.27606,1.27523,1.27556,0.2,+0.00%
"Dec 16, 2020 16:00",1.27605,1.27607,1.2749,1.27555,-5,-0.04%
"Dec 16, 2020 15:00",1.27563,1.2765,1.27366,1.27604,4.1,+0.03%
"Dec 16, 2020 14:00",1.27481,1.2762,1.27431,1.27561,8,+0.06%
"Dec 16, 2020 13:00",1.27499,1.27637,1.27416,1.27479,-2,-0.02%
"Dec 16, 2020 12:00",1.27518,1.27543,1.27472,1.27496,-2.2,-0.02%
"Dec 16, 2020 11:00",1.27503,1.27534,1.27434,1.27522,1.9,+0.01%
"Dec 16, 2020 10:00",1.27212,1.27523,1.27209,1.27502,29,+0.23%
"Dec 16, 2020 09:00",1.27094,1.27282,1.27088,1.27209,11.5,+0.09%
"Dec 16, 2020 08:00",1.27281,1.273,1.27072,1.271,-18.1,-0.14%
"Dec 16, 2020 07:00",1.27323,1.27323,1.27198,1.2728,-4.3,-0.03%
"Dec 16, 2020 06:00",1.27344,1.274,1.27301,1.27323,-2.1,-0.02%
"Dec 16, 2020 05:00",1.27254,1.27394,1.27244,1.2734,8.6,+0.07%
"Dec 16, 2020 04:00",1.27118,1.27259,1.27115,1.27256,13.8,+0.11%
"Dec 16, 2020 03:00",1.27028,1.27116,1.26995,1.27116,8.8,+0.07%
"Dec 16, 2020 02:00",1.27078,1.27084,1.27018,1.27028,-5,-0.04%
"Dec 16, 2020 01:00",1.27097,1.27109,1.27062,1.27076,-2.1,-0.02%
"Dec 16, 2020 00:00",1.26996,1.2711,1.26996,1.27099,10.3,+0.08%
"Dec 15, 2020 23:00",1.26995,1.27007,1.2697,1.26995,0,+0.00%
"Dec 15, 2020 22:00",1.26998,1.27012,1.26949,1.2699,-0.8,-0.01%
"Dec 15, 2020 21:00",1.26956,1.27059,1.26952,1.26982,2.6,+0.02%
"Dec 15, 2020 20:00",1.26959,1.26984,1.2688,1.26956,-0.3,+0.00%
"Dec 15, 2020 19:00",1.26971,1.27053,1.26931,1.26957,-1.4,-0.01%
"Dec 15, 2020 18:00",1.27189,1.27193,1.26943,1.26974,-21.5,-0.17%
"Dec 15, 2020 17:00",1.27317,1.27345,1.27174,1.27189,-12.8,-0.10%
"Dec 15, 2020 16:00",1.27362,1.27427,1.2728,1.27315,-4.7,-0.04%
"Dec 15, 2020 15:00",1.27425,1.2746,1.2732,1.27359,-6.6,-0.05%
"Dec 15, 2020 14:00",1.27392,1.27503,1.27347,1.27431,3.9,+0.03%
"Dec 15, 2020 13:00",1.27538,1.27554,1.27364,1.27388,-15,-0.12%
"Dec 15, 2020 12:00",1.27616,1.27634,1.2741,1.27539,-7.7,-0.06%
"Dec 15, 2020 11:00",1.27551,1.27675,1.27492,1.27616,6.5,+0.05%
"Dec 15, 2020 10:00",1.27502,1.27557,1.27457,1.27549,4.7,+0.04%
"Dec 15, 2020 09:00",1.2757,1.27592,1.27478,1.27505,-6.5,-0.05%
"Dec 15, 2020 08:00",1.27603,1.27689,1.27514,1.27568,-3.5,-0.03%
"Dec 15, 2020 07:00",1.27579,1.27638,1.27489,1.27602,2.3,+0.02%
"Dec 15, 2020 06:00",1.27629,1.27646,1.27567,1.27579,-5,-0.04%
"Dec 15, 2020 05:00",1.27693,1.27693,1.27619,1.27628,-6.5,-0.05%
"Dec 15, 2020 04:00",1.27664,1.27716,1.27663,1.27694,3,+0.02%
"Dec 15, 2020 03:00",1.27597,1.27703,1.27566,1.27664,6.7,+0.05%
"Dec 15, 2020 02:00",1.2758,1.27635,1.27555,1.27598,1.8,+0.01%
"Dec 15, 2020 01:00",1.27544,1.27628,1.27511,1.27578,3.4,+0.03%
"Dec 15, 2020 00:00",1.27613,1.27616,1.27504,1.27545,-6.8,-0.05%
"Dec 14, 2020 23:00",1.27575,1.2762,1.2755,1.27608,3.3,+0.03%
"Dec 14, 2020 22:00",1.27603,1.27632,1.27565,1.27575,-2.8,-0.02%
"Dec 14, 2020 21:00",1.27595,1.27673,1.27554,1.2766,6.5,+0.05%
"Dec 14, 2020 20:00",1.27591,1.27698,1.2759,1.27599,0.8,+0.01%
"Dec 14, 2020 19:00",1.27637,1.27659,1.27581,1.27594,-4.3,-0.03%
"Dec 14, 2020 18:00",1.27696,1.27799,1.27634,1.27637,-5.9,-0.05%
"Dec 14, 2020 17:00",1.27893,1.27893,1.27695,1.27696,-19.7,-0.15%
"Dec 14, 2020 16:00",1.27729,1.27895,1.27685,1.27892,16.3,+0.13%
"Dec 14, 2020 15:00",1.27379,1.27754,1.27356,1.2773,35.1,+0.27%
"Dec 14, 2020 14:00",1.27211,1.2746,1.27204,1.27385,17.4,+0.14%
"Dec 14, 2020 13:00",1.27311,1.27321,1.27195,1.27206,-10.5,-0.08%
"Dec 14, 2020 12:00",1.27451,1.27464,1.27313,1.27313,-13.8,-0.11%
"Dec 14, 2020 11:00",1.27522,1.2753,1.27435,1.27449,-7.3,-0.06%
"Dec 14, 2020 10:00",1.27534,1.27575,1.27459,1.27524,-1,-0.01%
"Dec 14, 2020 09:00",1.27515,1.27554,1.27471,1.27538,2.3,+0.02%
"Dec 14, 2020 08:00",1.27518,1.2752,1.27436,1.27512,-0.6,+0.00%
"Dec 14, 2020 07:00",1.2753,1.27558,1.27433,1.27521,-0.9,-0.01%
"Dec 14, 2020 06:00",1.27575,1.27577,1.27525,1.27531,-4.4,-0.03%
"Dec 14, 2020 05:00",1.2756,1.276,1.27554,1.27574,1.4,+0.01%
"Dec 14, 2020 04:00",1.27573,1.27582,1.27554,1.27559,-1.4,-0.01%
"Dec 14, 2020 03:00",1.27575,1.27593,1.27567,1.27571,-0.4,+0.00%
"Dec 14, 2020 02:00",1.2759,1.27609,1.27566,1.27576,-1.4,-0.01%
"Dec 14, 2020 01:00",1.27632,1.27633,1.27566,1.2759,-4.2,-0.03%
"Dec 14, 2020 00:00",1.27513,1.27642,1.27511,1.27633,12,+0.09%
"Dec 13, 2020 23:00",1.27489,1.27526,1.27445,1.27511,2.2,+0.02%
"Dec 13, 2020 22:00",1.27499,1.27608,1.27476,1.27502,0.3,+0.00%
"Dec 11, 2020 21:00",1.27676,1.27723,1.27611,1.27634,-4.2,-0.03%
"Dec 11, 2020 20:00",1.27717,1.27733,1.27644,1.27675,-4.2,-0.03%
"Dec 11, 2020 19:00",1.27673,1.27718,1.27652,1.27716,4.3,+0.03%
"Dec 11, 2020 18:00",1.27686,1.27762,1.27675,1.27677,-0.9,-0.01%
"Dec 11, 2020 17:00",1.27676,1.27732,1.27647,1.27682,0.6,+0.00%
"Dec 11, 2020 16:00",1.27745,1.27745,1.27569,1.27676,-6.9,-0.05%
"Dec 11, 2020 15:00",1.27752,1.27783,1.2752,1.27749,-0.3,+0.00%
"Dec 11, 2020 14:00",1.27714,1.27925,1.27687,1.27752,3.8,+0.03%
"Dec 11, 2020 13:00",1.2767,1.27761,1.27621,1.27711,4.1,+0.03%
"Dec 11, 2020 12:00",1.27735,1.27787,1.27666,1.27673,-6.2,-0.05%
"Dec 11, 2020 11:00",1.27703,1.27807,1.27701,1.27732,2.9,+0.02%
"Dec 11, 2020 10:00",1.27676,1.27717,1.27543,1.27707,3.1,+0.02%
"Dec 11, 2020 09:00",1.27647,1.27688,1.27547,1.27676,2.9,+0.02%
"Dec 11, 2020 08:00",1.27365,1.27713,1.2735,1.27645,28,+0.22%
"Dec 11, 2020 07:00",1.2722,1.2738,1.27202,1.27361,14.1,+0.11%
"Dec 11, 2020 06:00",1.27303,1.27328,1.27191,1.27218,-8.5,-0.07%
"Dec 11, 2020 05:00",1.27262,1.27308,1.27246,1.27305,4.3,+0.03%
"Dec 11, 2020 04:00",1.27267,1.27277,1.27212,1.27263,-0.4,+0.00%
"Dec 11, 2020 03:00",1.27265,1.27358,1.27253,1.27267,0.2,+0.00%
"Dec 11, 2020 02:00",1.27281,1.27368,1.27252,1.27261,-2,-0.02%
"Dec 11, 2020 01:00",1.27459,1.2746,1.27249,1.27281,-17.8,-0.14%
"Dec 11, 2020 00:00",1.27415,1.27478,1.27395,1.27462,4.7,+0.04%
"Dec 10, 2020 23:00",1.27438,1.27447,1.27394,1.27416,-2.2,-0.02%
"Dec 10, 2020 22:00",1.27392,1.27443,1.27308,1.27435,4.3,+0.03%
"Dec 10, 2020 21:00",1.27368,1.27456,1.27324,1.27389,2.1,+0.02%
"Dec 10, 2020 20:00",1.27446,1.27486,1.27338,1.27363,-8.3,-0.07%
"Dec 10, 2020 19:00",1.27341,1.27484,1.27312,1.27443,10.2,+0.08%
"Dec 10, 2020 18:00",1.27319,1.27364,1.27229,1.27345,2.6,+0.02%
"Dec 10, 2020 17:00",1.27272,1.27345,1.27218,1.27316,4.4,+0.03%
"Dec 10, 2020 16:00",1.2717,1.27279,1.27114,1.27273,10.3,+0.08%
"Dec 10, 2020 15:00",1.2717,1.27218,1.2707,1.27174,0.4,+0.00%
"Dec 10, 2020 14:00",1.27538,1.27682,1.27151,1.27169,-36.9,-0.29%
"Dec 10, 2020 13:00",1.27673,1.27692,1.2736,1.27537,-13.6,-0.11%
"Dec 10, 2020 12:00",1.2783,1.27857,1.27652,1.27673,-15.7,-0.12%
"Dec 10, 2020 11:00",1.27834,1.27882,1.27797,1.27827,-0.7,-0.01%
"Dec 10, 2020 10:00",1.27949,1.27976,1.27821,1.27833,-11.6,-0.09%
"Dec 10, 2020 09:00",1.28018,1.28063,1.2792,1.27954,-6.4,-0.05%
"Dec 10, 2020 08:00",1.28021,1.28034,1.27906,1.28015,-0.6,+0.00%
"Dec 10, 2020 07:00",1.28072,1.28113,1.28007,1.28024,-4.8,-0.04%
"Dec 10, 2020 06:00",1.27971,1.28069,1.2797,1.28068,9.7,+0.08%
"Dec 10, 2020 05:00",1.2795,1.28001,1.27948,1.27973,2.3,+0.02%
"Dec 10, 2020 04:00",1.27998,1.28004,1.27941,1.27947,-5.1,-0.04%
"Dec 10, 2020 03:00",1.27999,1.28032,1.27977,1.27996,-0.3,+0.00%
"Dec 10, 2020 02:00",1.28178,1.28191,1.27998,1.27999,-17.9,-0.14%
"Dec 10, 2020 01:00",1.28176,1.28212,1.28152,1.28178,0.2,+0.00%
"Dec 10, 2020 00:00",1.28274,1.28274,1.2816,1.28174,-10,-0.08%
"Dec 09, 2020 23:00",1.28217,1.28289,1.28197,1.28274,5.7,+0.04%
"Dec 09, 2020 22:00",1.28147,1.28251,1.2814,1.28208,6.1,+0.05%
"Dec 09, 2020 21:00",1.28195,1.28255,1.28163,1.28179,-1.6,-0.01%
"Dec 09, 2020 20:00",1.28185,1.28219,1.28107,1.28197,1.2,+0.01%
"Dec 09, 2020 19:00",1.28296,1.28296,1.28167,1.28184,-11.2,-0.09%
"Dec 09, 2020 18:00",1.28126,1.28336,1.28113,1.28297,17.1,+0.13%
"Dec 09, 2020 17:00",1.2792,1.28197,1.27911,1.28128,20.8,+0.16%
"Dec 09, 2020 16:00",1.28011,1.28134,1.27909,1.27915,-9.6,-0.08%
"Dec 09, 2020 15:00",1.27875,1.28107,1.27689,1.28011,13.6,+0.11%
"Dec 09, 2020 14:00",1.27814,1.27981,1.27779,1.27879,6.5,+0.05%
"Dec 09, 2020 13:00",1.27853,1.27884,1.27765,1.27814,-3.9,-0.03%
"Dec 09, 2020 12:00",1.27858,1.27933,1.27812,1.27851,-0.7,-0.01%
"Dec 09, 2020 11:00",1.27855,1.27919,1.27789,1.27858,0.3,+0.00%
"Dec 09, 2020 10:00",1.27774,1.27869,1.27736,1.27856,8.2,+0.06%
"Dec 09, 2020 09:00",1.27827,1.27912,1.27752,1.27778,-4.9,-0.04%
"Dec 09, 2020 08:00",1.27947,1.27988,1.27799,1.27824,-12.3,-0.10%
"Dec 09, 2020 07:00",1.27939,1.27972,1.27901,1.27945,0.6,+0.00%
"Dec 09, 2020 06:00",1.27989,1.27994,1.27918,1.27941,-4.8,-0.04%
"Dec 09, 2020 05:00",1.27998,1.28015,1.27984,1.27986,-1.2,-0.01%
"Dec 09, 2020 04:00",1.28003,1.28014,1.2798,1.28001,-0.2,+0.00%
"Dec 09, 2020 03:00",1.28068,1.2808,1.27993,1.28,-6.8,-0.05%
"Dec 09, 2020 02:00",1.28138,1.2815,1.28069,1.2807,-6.8,-0.05%
"Dec 09, 2020 01:00",1.28137,1.28158,1.28115,1.28141,0.4,+0.00%
"Dec 09, 2020 00:00",1.28161,1.28179,1.28111,1.28136,-2.5,-0.02%
"Dec 08, 2020 23:00",1.28157,1.28186,1.28138,1.2816,0.3,+0.00%
"Dec 08, 2020 22:00",1.28171,1.28213,1.28128,1.28165,-0.6,+0.00%
"Dec 08, 2020 21:00",1.28188,1.28229,1.28134,1.28191,0.3,+0.00%
"Dec 08, 2020 20:00",1.28191,1.28233,1.28155,1.28186,-0.5,+0.00%
"Dec 08, 2020 19:00",1.28236,1.28237,1.28159,1.28191,-4.5,-0.04%
"Dec 08, 2020 18:00",1.28199,1.28257,1.2816,1.28237,3.8,+0.03%
"Dec 08, 2020 17:00",1.2809,1.28232,1.28047,1.28199,10.9,+0.09%
"Dec 08, 2020 16:00",1.27914,1.28165,1.27823,1.28089,17.5,+0.14%
"Dec 08, 2020 15:00",1.27933,1.2812,1.27887,1.27916,-1.7,-0.01%
"Dec 08, 2020 14:00",1.28052,1.28052,1.278,1.27935,-11.7,-0.09%
"Dec 08, 2020 13:00",1.28025,1.28077,1.27905,1.28054,2.9,+0.02%
"Dec 08, 2020 12:00",1.28053,1.28053,1.27927,1.2802,-3.3,-0.03%
"Dec 08, 2020 11:00",1.27898,1.28065,1.27897,1.28058,16,+0.12%
"Dec 08, 2020 10:00",1.27731,1.27898,1.2768,1.27898,16.7,+0.13%
"Dec 08, 2020 09:00",1.27892,1.27893,1.27702,1.27731,-16.1,-0.13%
"Dec 08, 2020 08:00",1.27925,1.28027,1.27861,1.27893,-3.2,-0.03%
"Dec 08, 2020 07:00",1.2793,1.28007,1.27889,1.27919,-1.1,-0.01%
"Dec 08, 2020 06:00",1.2788,1.27959,1.27855,1.27935,5.5,+0.04%
"Dec 08, 2020 05:00",1.27899,1.27899,1.27872,1.2788,-1.9,-0.01%
"Dec 08, 2020 04:00",1.27909,1.27915,1.27868,1.27897,-1.2,-0.01%
"Dec 08, 2020 03:00",1.27935,1.27935,1.27894,1.27908,-2.7,-0.02%
"Dec 08, 2020 02:00",1.27973,1.27985,1.27929,1.27936,-3.7,-0.03%
"Dec 08, 2020 01:00",1.28034,1.2804,1.27919,1.27973,-6.1,-0.05%
"Dec 08, 2020 00:00",1.28038,1.2809,1.28015,1.28034,-0.4,+0.00%
"Dec 07, 2020 23:00",1.28001,1.28037,1.27978,1.28035,3.4,+0.03%
"Dec 07, 2020 22:00",1.27971,1.28029,1.2794,1.27996,2.5,+0.02%
"Dec 07, 2020 21:00",1.27981,1.28058,1.27944,1.27997,1.6,+0.01%
"Dec 07, 2020 20:00",1.27968,1.28095,1.27966,1.27986,1.8,+0.01%
"Dec 07, 2020 19:00",1.28035,1.28065,1.27956,1.27966,-6.9,-0.05%
"Dec 07, 2020 18:00",1.27938,1.28101,1.27937,1.28031,9.3,+0.07%
"Dec 07, 2020 17:00",1.2796,1.27977,1.27875,1.27939,-2.1,-0.02%
"Dec 07, 2020 16:00",1.28112,1.2812,1.27955,1.27958,-15.4,-0.12%
"Dec 07, 2020 15:00",1.27987,1.28148,1.2798,1.28117,13,+0.10%
"Dec 07, 2020 14:00",1.27949,1.28061,1.27911,1.2799,4.1,+0.03%
"Dec 07, 2020 13:00",1.28113,1.28137,1.27929,1.27944,-16.9,-0.13%
"Dec 07, 2020 12:00",1.2813,1.28159,1.28081,1.28112,-1.8,-0.01%
"Dec 07, 2020 11:00",1.28135,1.28174,1.28083,1.28133,-0.2,+0.00%
"Dec 07, 2020 10:00",1.28191,1.2823,1.28089,1.28133,-5.8,-0.05%
"Dec 07, 2020 09:00",1.28225,1.28329,1.28169,1.28193,-3.2,-0.02%
"Dec 07, 2020 08:00",1.27821,1.28261,1.2782,1.28228,40.7,+0.32%
"Dec 07, 2020 07:00",1.27901,1.27936,1.27792,1.27822,-7.9,-0.06%
"Dec 07, 2020 06:00",1.27876,1.27925,1.27861,1.27898,2.2,+0.02%
"Dec 07, 2020 05:00",1.27903,1.27906,1.27865,1.27877,-2.6,-0.02%
"Dec 07, 2020 04:00",1.27855,1.27925,1.27843,1.27906,5.1,+0.04%
"Dec 07, 2020 03:00",1.27805,1.27854,1.27781,1.27851,4.6,+0.04%
"Dec 07, 2020 02:00",1.27813,1.2783,1.27773,1.27805,-0.8,-0.01%
"Dec 07, 2020 01:00",1.27796,1.27879,1.27773,1.27813,1.7,+0.01%
"Dec 07, 2020 00:00",1.27816,1.27845,1.2777,1.27795,-2.1,-0.02%
"Dec 06, 2020 23:00",1.27821,1.27867,1.27785,1.27819,-0.2,+0.00%
"Dec 06, 2020 22:00",1.27768,1.27903,1.27743,1.2782,5.2,+0.04%
"Dec 04, 2020 21:00",1.27789,1.27935,1.27724,1.27846,5.7,+0.04%
"Dec 04, 2020 20:00",1.27802,1.27829,1.27746,1.27789,-1.3,-0.01%
"Dec 04, 2020 19:00",1.27859,1.27865,1.27776,1.27796,-6.3,-0.05%
"Dec 04, 2020 18:00",1.27947,1.27996,1.27799,1.27859,-8.8,-0.07%
"Dec 04, 2020 17:00",1.27975,1.28035,1.27902,1.27952,-2.3,-0.02%
"Dec 04, 2020 16:00",1.28041,1.2809,1.27902,1.27975,-6.6,-0.05%
"Dec 04, 2020 15:00",1.28112,1.2815,1.27921,1.28042,-7,-0.05%
"Dec 04, 2020 14:00",1.28349,1.28406,1.28045,1.28108,-24.1,-0.19%
"Dec 04, 2020 13:00",1.28592,1.2863,1.28227,1.28354,-23.8,-0.19%
"Dec 04, 2020 12:00",1.2862,1.28636,1.28497,1.28589,-3.1,-0.02%
"Dec 04, 2020 11:00",1.286,1.28648,1.28549,1.2862,2,+0.02%
"Dec 04, 2020 10:00",1.28559,1.28687,1.28543,1.28605,4.6,+0.04%
"Dec 04, 2020 09:00",1.28614,1.28659,1.28508,1.28558,-5.6,-0.04%
"Dec 04, 2020 08:00",1.28605,1.28648,1.28533,1.28612,0.7,+0.01%
"Dec 04, 2020 07:00",1.28513,1.28607,1.28474,1.28605,9.2,+0.07%
"Dec 04, 2020 06:00",1.28568,1.28582,1.28474,1.28514,-5.4,-0.04%
"Dec 04, 2020 05:00",1.28611,1.28618,1.2856,1.28567,-4.4,-0.03%
"Dec 04, 2020 04:00",1.28607,1.28627,1.28574,1.28614,0.7,+0.01%
"Dec 04, 2020 03:00",1.28586,1.28624,1.28575,1.28605,1.9,+0.01%
"Dec 04, 2020 02:00",1.28683,1.28696,1.28582,1.28586,-9.7,-0.08%
"Dec 04, 2020 01:00",1.28656,1.28738,1.28595,1.28681,2.5,+0.02%
"Dec 04, 2020 00:00",1.28683,1.28692,1.28599,1.28659,-2.4,-0.02%
"Dec 03, 2020 23:00",1.28623,1.28684,1.28577,1.28682,5.9,+0.05%
"Dec 03, 2020 22:00",1.28597,1.28695,1.28544,1.2862,2.3,+0.02%
"Dec 03, 2020 21:00",1.28681,1.28725,1.28588,1.28623,-5.8,-0.05%
"Dec 03, 2020 20:00",1.28553,1.28816,1.28552,1.28682,12.9,+0.10%
"Dec 03, 2020 19:00",1.28615,1.28626,1.2852,1.28552,-6.3,-0.05%
"Dec 03, 2020 18:00",1.28693,1.28701,1.28562,1.28617,-7.6,-0.06%
"Dec 03, 2020 17:00",1.28753,1.28835,1.28687,1.28693,-6,-0.05%
"Dec 03, 2020 16:00",1.28731,1.28838,1.28709,1.28752,2.1,+0.02%
"Dec 03, 2020 15:00",1.28988,1.28988,1.28687,1.2873,-25.8,-0.20%
"Dec 03, 2020 14:00",1.29162,1.29187,1.2897,1.2899,-17.2,-0.13%
"Dec 03, 2020 13:00",1.29075,1.29181,1.29044,1.29158,8.3,+0.06%
"Dec 03, 2020 12:00",1.29259,1.29302,1.29036,1.29078,-18.1,-0.14%
"Dec 03, 2020 11:00",1.2932,1.29354,1.29235,1.29258,-6.2,-0.05%
"Dec 03, 2020 10:00",1.29329,1.29396,1.29311,1.2932,-0.9,-0.01%
"Dec 03, 2020 09:00",1.29181,1.2941,1.29159,1.29328,14.7,+0.11%
"Dec 03, 2020 08:00",1.2917,1.29193,1.29069,1.29182,1.2,+0.01%
"Dec 03, 2020 07:00",1.29276,1.29278,1.29139,1.29173,-10.3,-0.08%
"Dec 03, 2020 06:00",1.29263,1.29297,1.29244,1.29271,0.8,+0.01%
"Dec 03, 2020 05:00",1.29259,1.29268,1.29227,1.29262,0.3,+0.00%
"Dec 03, 2020 04:00",1.29203,1.29271,1.29203,1.29261,5.8,+0.04%
"Dec 03, 2020 03:00",1.29223,1.29237,1.29173,1.29202,-2.1,-0.02%
"Dec 03, 2020 02:00",1.29226,1.2925,1.2919,1.29224,-0.2,+0.00%
"Dec 03, 2020 01:00",1.29243,1.29283,1.2919,1.29222,-2.1,-0.02%
"Dec 03, 2020 00:00",1.29177,1.29248,1.29172,1.29247,7,+0.05%
"Dec 02, 2020 23:00",1.29173,1.29209,1.29148,1.29174,0.1,+0.00%
"Dec 02, 2020 22:00",1.29163,1.29208,1.2914,1.29166,0.3,+0.00%
"Dec 02, 2020 21:00",1.29242,1.29247,1.29101,1.29192,-5,-0.04%
"Dec 02, 2020 20:00",1.29219,1.29247,1.29167,1.29241,2.2,+0.02%
"Dec 02, 2020 19:00",1.29306,1.29403,1.29217,1.29221,-8.5,-0.07%
"Dec 02, 2020 18:00",1.29333,1.2934,1.29247,1.29305,-2.8,-0.02%
"Dec 02, 2020 17:00",1.29349,1.29385,1.29305,1.29334,-1.5,-0.01%
"Dec 02, 2020 16:00",1.29419,1.29425,1.29297,1.29348,-7.1,-0.05%
"Dec 02, 2020 15:00",1.2934,1.29428,1.29232,1.29421,8.1,+0.06%
"Dec 02, 2020 14:00",1.29479,1.29497,1.29332,1.29343,-13.6,-0.11%
"Dec 02, 2020 13:00",1.2953,1.29533,1.29348,1.29472,-5.8,-0.04%
"Dec 02, 2020 12:00",1.29513,1.29587,1.2948,1.29532,1.9,+0.01%
"Dec 02, 2020 11:00",1.29387,1.29571,1.29371,1.29512,12.5,+0.10%
"Dec 02, 2020 10:00",1.29282,1.29418,1.29274,1.29389,10.7,+0.08%
"Dec 02, 2020 09:00",1.29353,1.29358,1.29162,1.2928,-7.3,-0.06%
"Dec 02, 2020 08:00",1.29282,1.29439,1.29269,1.29351,6.9,+0.05%
"Dec 02, 2020 07:00",1.29414,1.29416,1.29193,1.2928,-13.4,-0.10%
"Dec 02, 2020 06:00",1.29454,1.29458,1.29393,1.29414,-4,-0.03%
"Dec 02, 2020 05:00",1.29426,1.29487,1.29426,1.29452,2.6,+0.02%
"Dec 02, 2020 04:00",1.29373,1.2943,1.29373,1.29429,5.6,+0.04%
"Dec 02, 2020 03:00",1.29471,1.29475,1.29373,1.29375,-9.6,-0.07%
"Dec 02, 2020 02:00",1.29475,1.295,1.2941,1.29473,-0.2,+0.00%
"Dec 02, 2020 01:00",1.29365,1.29495,1.29324,1.29468,10.3,+0.08%
"Dec 02, 2020 00:00",1.29333,1.2938,1.2931,1.29364,3.1,+0.02%
"Dec 01, 2020 23:00",1.29377,1.29386,1.2933,1.29337,-4,-0.03%
"Dec 01, 2020 22:00",1.29348,1.29403,1.29331,1.2936,1.2,+0.01%
"Dec 01, 2020 21:00",1.2937,1.29416,1.29327,1.29338,-3.2,-0.02%
"Dec 01, 2020 20:00",1.29358,1.29476,1.29278,1.29367,0.9,+0.01%
"Dec 01, 2020 19:00",1.29445,1.29464,1.29299,1.29358,-8.7,-0.07%
"Dec 01, 2020 18:00",1.29438,1.29523,1.2939,1.29444,0.6,+0.00%
"Dec 01, 2020 17:00",1.29585,1.29595,1.29415,1.29442,-14.3,-0.11%
"Dec 01, 2020 16:00",1.2962,1.29633,1.29443,1.29581,-3.9,-0.03%
"Dec 01, 2020 15:00",1.29653,1.29757,1.29545,1.29623,-3,-0.02%
"Dec 01, 2020 14:00",1.29537,1.29704,1.29528,1.29657,12,+0.09%
"Dec 01, 2020 13:00",1.29712,1.29788,1.29535,1.29536,-17.6,-0.14%
"Dec 01, 2020 12:00",1.29699,1.29776,1.29672,1.29708,0.9,+0.01%
"Dec 01, 2020 11:00",1.29762,1.29799,1.29668,1.29698,-6.4,-0.05%
"Dec 01, 2020 10:00",1.2973,1.29814,1.29691,1.29762,3.2,+0.02%
"Dec 01, 2020 09:00",1.29485,1.29768,1.29474,1.29733,24.8,+0.19%
"Dec 01, 2020 08:00",1.2958,1.29642,1.29428,1.29485,-9.5,-0.07%
"Dec 01, 2020 07:00",1.29694,1.29694,1.29509,1.29578,-11.6,-0.09%
"Dec 01, 2020 06:00",1.2967,1.2972,1.29643,1.29691,2.1,+0.02%
"Dec 01, 2020 05:00",1.29682,1.29698,1.29652,1.29671,-1.1,-0.01%
"Dec 01, 2020 04:00",1.29703,1.29705,1.29652,1.29685,-1.8,-0.01%
"Dec 01, 2020 03:00",1.29757,1.29761,1.29693,1.29702,-5.5,-0.04%
"Dec 01, 2020 02:00",1.2978,1.29787,1.29746,1.29758,-2.2,-0.02%
"Dec 01, 2020 01:00",1.29778,1.29815,1.29754,1.29783,0.5,+0.00%
"Dec 01, 2020 00:00",1.29916,1.29924,1.29761,1.29779,-13.7,-0.11%
"Nov 30, 2020 23:00",1.30024,1.30038,1.299,1.29916,-10.8,-0.08%
"Nov 30, 2020 22:00",1.30027,1.30086,1.29931,1.3002,-0.7,-0.01%
"Nov 30, 2020 21:00",1.2988,1.30105,1.2977,1.30089,20.9,+0.16%
"Nov 30, 2020 20:00",1.29605,1.29894,1.29604,1.29878,27.3,+0.21%
"Nov 30, 2020 19:00",1.29796,1.29839,1.29595,1.29604,-19.2,-0.15%
"Nov 30, 2020 18:00",1.29775,1.29828,1.29744,1.29797,2.2,+0.02%
"Nov 30, 2020 17:00",1.29819,1.29908,1.29764,1.29771,-4.8,-0.04%
"Nov 30, 2020 16:00",1.29591,1.29939,1.29577,1.29817,22.6,+0.17%
"Nov 30, 2020 15:00",1.2935,1.29615,1.29231,1.29591,24.1,+0.19%
"Nov 30, 2020 14:00",1.2945,1.29475,1.29312,1.29351,-9.9,-0.08%
"Nov 30, 2020 13:00",1.29599,1.29602,1.29429,1.2945,-14.9,-0.12%
"Nov 30, 2020 12:00",1.29532,1.29599,1.29494,1.29599,6.7,+0.05%
"Nov 30, 2020 11:00",1.29604,1.29616,1.29495,1.29532,-7.2,-0.06%
"Nov 30, 2020 10:00",1.29744,1.2977,1.29586,1.29607,-13.7,-0.11%
"Nov 30, 2020 09:00",1.29818,1.29852,1.29724,1.29743,-7.5,-0.06%
"Nov 30, 2020 08:00",1.29868,1.29925,1.29722,1.29816,-5.2,-0.04%
"Nov 30, 2020 07:00",1.29905,1.29958,1.29864,1.29873,-3.2,-0.02%
"Nov 30, 2020 06:00",1.29834,1.29928,1.29813,1.29902,6.8,+0.05%
"Nov 30, 2020 05:00",1.29893,1.29952,1.29833,1.29835,-5.8,-0.04%
"Nov 30, 2020 04:00",1.29882,1.29941,1.29861,1.29896,1.4,+0.01%
"Nov 30, 2020 03:00",1.29894,1.29909,1.29819,1.29878,-1.6,-0.01%
"Nov 30, 2020 02:00",1.29819,1.299,1.29808,1.29889,7,+0.05%
"Nov 30, 2020 01:00",1.29874,1.29921,1.29815,1.2982,-5.4,-0.04%
"Nov 30, 2020 00:00",1.29833,1.29942,1.29828,1.29878,4.5,+0.03%
"Nov 29, 2020 23:00",1.29836,1.29857,1.29771,1.29833,-0.3,+0.00%
"Nov 29, 2020 22:00",1.29946,1.29976,1.29829,1.29838,-10.8,-0.08%
"Nov 27, 2020 21:00",1.29902,1.29944,1.29839,1.29894,-0.8,-0.01%
"Nov 27, 2020 20:00",1.29847,1.2991,1.29807,1.29903,5.6,+0.04%
"Nov 27, 2020 19:00",1.29865,1.29882,1.29831,1.29847,-1.8,-0.01%
"Nov 27, 2020 18:00",1.29874,1.29884,1.29819,1.29866,-0.8,-0.01%
"Nov 27, 2020 17:00",1.29906,1.29927,1.29809,1.29873,-3.3,-0.03%
"Nov 27, 2020 16:00",1.29782,1.29927,1.29746,1.29906,12.4,+0.10%
"Nov 27, 2020 15:00",1.29839,1.29889,1.29721,1.29785,-5.4,-0.04%
"Nov 27, 2020 14:00",1.29844,1.2988,1.29769,1.29836,-0.8,-0.01%
"Nov 27, 2020 13:00",1.29921,1.30017,1.29799,1.29844,-7.7,-0.06%
"Nov 27, 2020 12:00",1.29916,1.3004,1.29901,1.29924,0.8,+0.01%
"Nov 27, 2020 11:00",1.29918,1.29973,1.2984,1.29914,-0.4,+0.00%
"Nov 27, 2020 10:00",1.2997,1.29986,1.29898,1.29917,-5.3,-0.04%
"Nov 27, 2020 09:00",1.29907,1.29991,1.29898,1.29971,6.4,+0.05%
"Nov 27, 2020 08:00",1.30096,1.30105,1.29906,1.29909,-18.7,-0.14%
"Nov 27, 2020 07:00",1.30025,1.30126,1.30018,1.30095,7,+0.05%
"Nov 27, 2020 06:00",1.30066,1.30073,1.30016,1.30025,-4.1,-0.03%
"Nov 27, 2020 05:00",1.30106,1.30146,1.30059,1.30061,-4.5,-0.03%
"Nov 27, 2020 04:00",1.30161,1.30174,1.30096,1.30106,-5.5,-0.04%
"Nov 27, 2020 03:00",1.30184,1.30209,1.30135,1.30163,-2.1,-0.02%
"Nov 27, 2020 02:00",1.30213,1.30249,1.30179,1.30183,-3,-0.02%
"Nov 27, 2020 01:00",1.3022,1.30247,1.30204,1.30209,-1.1,-0.01%
"Nov 27, 2020 00:00",1.30209,1.30235,1.30185,1.30223,1.4,+0.01%
"Nov 26, 2020 23:00",1.3017,1.3023,1.30155,1.30209,3.9,+0.03%
"Nov 26, 2020 22:00",1.30157,1.30205,1.30144,1.30163,0.6,+0.00%
"Nov 26, 2020 21:00",1.30188,1.30205,1.30139,1.30149,-3.9,-0.03%
"Nov 26, 2020 20:00",1.30176,1.30213,1.30152,1.30186,1,+0.01%
"Nov 26, 2020 19:00",1.30123,1.302,1.30103,1.30177,5.4,+0.04%
"Nov 26, 2020 18:00",1.30153,1.30176,1.30107,1.30122,-3.1,-0.02%
"Nov 26, 2020 17:00",1.30113,1.30162,1.30088,1.30162,4.9,+0.04%
"Nov 26, 2020 16:00",1.30186,1.30209,1.301,1.30107,-7.9,-0.06%
"Nov 26, 2020 15:00",1.30147,1.30224,1.30108,1.30185,3.8,+0.03%
"Nov 26, 2020 14:00",1.30008,1.30177,1.30004,1.30152,14.4,+0.11%
"Nov 26, 2020 13:00",1.30076,1.30083,1.29997,1.30007,-6.9,-0.05%
"Nov 26, 2020 12:00",1.30052,1.30125,1.30032,1.30074,2.2,+0.02%
"Nov 26, 2020 11:00",1.30078,1.3009,1.30024,1.30055,-2.3,-0.02%
"Nov 26, 2020 10:00",1.30095,1.30135,1.30044,1.30078,-1.7,-0.01%
"Nov 26, 2020 09:00",1.3008,1.30111,1.30012,1.30092,1.2,+0.01%
"Nov 26, 2020 08:00",1.30028,1.30101,1.29971,1.3008,5.2,+0.04%
"Nov 26, 2020 07:00",1.29994,1.30036,1.29904,1.3003,3.6,+0.03%
"Nov 26, 2020 06:00",1.29999,1.30015,1.29933,1.29993,-0.6,+0.00%
"Nov 26, 2020 05:00",1.3,1.3002,1.29988,1.3,0,+0.00%
"Nov 26, 2020 04:00",1.3001,1.30013,1.29968,1.29999,-1.1,-0.01%
"Nov 26, 2020 03:00",1.29961,1.30018,1.29908,1.30011,5,+0.04%
"Nov 26, 2020 02:00",1.29964,1.30006,1.29953,1.29963,-0.1,+0.00%
"Nov 26, 2020 01:00",1.30048,1.30056,1.29912,1.29968,-8,-0.06%
"Nov 26, 2020 00:00",1.30025,1.30082,1.30023,1.30046,2.1,+0.02%
"Nov 25, 2020 23:00",1.30022,1.30052,1.3,1.3002,-0.2,+0.00%
"Nov 25, 2020 22:00",1.30052,1.30068,1.2995,1.30025,-2.7,-0.02%
"Nov 25, 2020 21:00",1.29962,1.30088,1.29958,1.30061,9.9,+0.08%
"Nov 25, 2020 20:00",1.29966,1.30025,1.29904,1.29964,-0.2,+0.00%
"Nov 25, 2020 19:00",1.29994,1.30103,1.29928,1.29967,-2.7,-0.02%
"Nov 25, 2020 18:00",1.29936,1.30014,1.29901,1.2999,5.4,+0.04%
"Nov 25, 2020 17:00",1.29962,1.29966,1.29864,1.29938,-2.4,-0.02%
"Nov 25, 2020 16:00",1.30109,1.30148,1.29942,1.29964,-14.5,-0.11%
"Nov 25, 2020 15:00",1.30164,1.30264,1.29974,1.30108,-5.6,-0.04%
"Nov 25, 2020 14:00",1.30131,1.3018,1.30071,1.30164,3.3,+0.03%
"Nov 25, 2020 13:00",1.30184,1.30198,1.30062,1.30129,-5.5,-0.04%
"Nov 25, 2020 12:00",1.3023,1.30245,1.30118,1.30183,-4.7,-0.04%
"Nov 25, 2020 11:00",1.30142,1.30288,1.30133,1.3023,8.8,+0.07%
"Nov 25, 2020 10:00",1.30055,1.30165,1.30018,1.30147,9.2,+0.07%
"Nov 25, 2020 09:00",1.30044,1.30153,1.29991,1.30053,0.9,+0.01%
"Nov 25, 2020 08:00",1.30056,1.30142,1.29979,1.30042,-1.4,-0.01%
"Nov 25, 2020 07:00",1.30194,1.30205,1.30033,1.30057,-13.7,-0.11%
"Nov 25, 2020 06:00",1.30172,1.30285,1.3014,1.30196,2.4,+0.02%
"Nov 25, 2020 05:00",1.30013,1.30174,1.29995,1.30169,15.6,+0.12%
"Nov 25, 2020 04:00",1.29995,1.30021,1.29991,1.30014,1.9,+0.01%
"Nov 25, 2020 03:00",1.29967,1.3004,1.29959,1.29993,2.6,+0.02%
"Nov 25, 2020 02:00",1.29951,1.3001,1.29931,1.2997,1.9,+0.01%
"Nov 25, 2020 01:00",1.29953,1.2996,1.29918,1.29952,-0.1,+0.00%
"Nov 25, 2020 00:00",1.29964,1.29985,1.29903,1.29957,-0.7,-0.01%
"Nov 24, 2020 23:00",1.29961,1.29994,1.29943,1.29961,0,+0.00%
"Nov 24, 2020 22:00",1.29973,1.29979,1.29926,1.29965,-0.8,-0.01%
"Nov 24, 2020 21:00",1.30007,1.30034,1.29946,1.29975,-3.2,-0.02%
"Nov 24, 2020 20:00",1.3005,1.30069,1.29997,1.30004,-4.6,-0.04%
"Nov 24, 2020 19:00",1.30194,1.30204,1.30051,1.30053,-14.1,-0.11%
"Nov 24, 2020 18:00",1.30251,1.3026,1.30092,1.30191,-6,-0.05%
"Nov 24, 2020 17:00",1.30288,1.30297,1.30177,1.30255,-3.3,-0.03%
"Nov 24, 2020 16:00",1.30348,1.30351,1.30216,1.3029,-5.8,-0.04%
"Nov 24, 2020 15:00",1.3048,1.30626,1.30328,1.30344,-13.6,-0.10%
"Nov 24, 2020 14:00",1.30737,1.30908,1.30465,1.30482,-25.5,-0.20%
"Nov 24, 2020 13:00",1.30586,1.30787,1.3058,1.30739,15.3,+0.12%
"Nov 24, 2020 12:00",1.30561,1.30664,1.30439,1.30584,2.3,+0.02%
"Nov 24, 2020 11:00",1.30318,1.30574,1.3029,1.30562,24.4,+0.19%
"Nov 24, 2020 10:00",1.30291,1.30393,1.30276,1.30317,2.6,+0.02%
"Nov 24, 2020 09:00",1.30249,1.30325,1.30216,1.3029,4.1,+0.03%
"Nov 24, 2020 08:00",1.30505,1.30505,1.30106,1.30246,-25.9,-0.20%
"Nov 24, 2020 07:00",1.30456,1.30535,1.30411,1.30505,4.9,+0.04%
"Nov 24, 2020 06:00",1.30465,1.30477,1.30403,1.3046,-0.5,+0.00%
"Nov 24, 2020 05:00",1.30453,1.30478,1.30436,1.30467,1.4,+0.01%
"Nov 24, 2020 04:00",1.30509,1.30523,1.30444,1.30453,-5.6,-0.04%
"Nov 24, 2020 03:00",1.30557,1.30582,1.30484,1.30507,-5,-0.04%
"Nov 24, 2020 02:00",1.30624,1.30633,1.30534,1.30556,-6.8,-0.05%
"Nov 24, 2020 01:00",1.30642,1.30668,1.30529,1.30624,-1.8,-0.01%
"Nov 24, 2020 00:00",1.30746,1.30761,1.30616,1.30644,-10.2,-0.08%
"Nov 23, 2020 23:00",1.30805,1.30845,1.30681,1.30747,-5.8,-0.04%
"Nov 23, 2020 22:00",1.30804,1.30849,1.30777,1.30809,0.5,+0.00%
"Nov 23, 2020 21:00",1.30808,1.30875,1.30789,1.30862,5.4,+0.04%
"Nov 23, 2020 20:00",1.30793,1.30846,1.3074,1.30809,1.6,+0.01%
"Nov 23, 2020 19:00",1.30895,1.30964,1.30775,1.30792,-10.3,-0.08%
"Nov 23, 2020 18:00",1.30912,1.30948,1.30875,1.30897,-1.5,-0.01%
"Nov 23, 2020 17:00",1.30982,1.31037,1.30838,1.30914,-6.8,-0.05%
"Nov 23, 2020 16:00",1.30943,1.31126,1.3086,1.3098,3.7,+0.03%
"Nov 23, 2020 15:00",1.30763,1.31092,1.30745,1.30939,17.6,+0.13%
"Nov 23, 2020 14:00",1.30612,1.30775,1.30552,1.30764,15.2,+0.12%
"Nov 23, 2020 13:00",1.30503,1.30666,1.30467,1.3061,10.7,+0.08%
"Nov 23, 2020 12:00",1.30544,1.30622,1.30482,1.30508,-3.6,-0.03%
"Nov 23, 2020 11:00",1.30488,1.30594,1.30454,1.3054,5.2,+0.04%
"Nov 23, 2020 10:00",1.30518,1.3056,1.30471,1.30491,-2.7,-0.02%
"Nov 23, 2020 09:00",1.30481,1.30578,1.30455,1.30517,3.6,+0.03%
"Nov 23, 2020 08:00",1.3067,1.3068,1.30463,1.3048,-19,-0.15%
"Nov 23, 2020 07:00",1.30758,1.30762,1.3066,1.30668,-9,-0.07%
"Nov 23, 2020 06:00",1.30731,1.30791,1.30709,1.30759,2.8,+0.02%
"Nov 23, 2020 05:00",1.30798,1.30811,1.30732,1.30734,-6.4,-0.05%
"Nov 23, 2020 04:00",1.30745,1.30813,1.30739,1.30796,5.1,+0.04%
"Nov 23, 2020 03:00",1.30707,1.30748,1.30682,1.30747,4,+0.03%
"Nov 23, 2020 02:00",1.30692,1.30747,1.30679,1.30707,1.5,+0.01%
"Nov 23, 2020 01:00",1.30758,1.30767,1.3067,1.30688,-7,-0.05%
"Nov 23, 2020 00:00",1.30849,1.30883,1.30737,1.3076,-8.9,-0.07%
"Nov 22, 2020 23:00",1.30925,1.30944,1.30811,1.30846,-7.9,-0.06%
"Nov 22, 2020 22:00",1.30838,1.30923,1.30838,1.30923,8.5,+0.06%
"Nov 20, 2020 21:00",1.30836,1.30968,1.30813,1.3094,10.4,+0.08%
"Nov 20, 2020 20:00",1.30956,1.30966,1.30829,1.30836,-12,-0.09%
"Nov 20, 2020 19:00",1.30873,1.30964,1.30817,1.30958,8.5,+0.06%
"Nov 20, 2020 18:00",1.30849,1.30902,1.30811,1.30874,2.5,+0.02%
"Nov 20, 2020 17:00",1.30743,1.3091,1.30691,1.30847,10.4,+0.08%
"Nov 20, 2020 16:00",1.30663,1.30797,1.30579,1.3074,7.7,+0.06%
"Nov 20, 2020 15:00",1.30518,1.30719,1.30491,1.30665,14.7,+0.11%
"Nov 20, 2020 14:00",1.30553,1.30578,1.30389,1.30516,-3.7,-0.03%
"Nov 20, 2020 13:00",1.30551,1.30591,1.30491,1.30554,0.3,+0.00%
"Nov 20, 2020 12:00",1.30493,1.30611,1.30476,1.30551,5.8,+0.04%
"Nov 20, 2020 11:00",1.30624,1.30631,1.30474,1.30492,-13.2,-0.10%
"Nov 20, 2020 10:00",1.30617,1.30638,1.30545,1.30624,0.7,+0.01%
"Nov 20, 2020 09:00",1.30576,1.30623,1.30516,1.30619,4.3,+0.03%
"Nov 20, 2020 08:00",1.30747,1.30775,1.30554,1.30576,-17.1,-0.13%
"Nov 20, 2020 07:00",1.30683,1.30761,1.30626,1.30747,6.4,+0.05%
"Nov 20, 2020 06:00",1.30665,1.30725,1.30646,1.30681,1.6,+0.01%
"Nov 20, 2020 05:00",1.30666,1.30704,1.30627,1.30664,-0.2,+0.00%
"Nov 20, 2020 04:00",1.30768,1.30784,1.30643,1.30666,-10.2,-0.08%
"Nov 20, 2020 03:00",1.30789,1.30798,1.30697,1.30768,-2.1,-0.02%
"Nov 20, 2020 02:00",1.30742,1.30827,1.30734,1.30792,5,+0.04%
"Nov 20, 2020 01:00",1.30793,1.30803,1.30679,1.30742,-5.1,-0.04%
"Nov 20, 2020 00:00",1.30872,1.30875,1.30746,1.30793,-7.9,-0.06%
"Nov 19, 2020 23:00",1.30718,1.30888,1.3069,1.30873,15.5,+0.12%
"Nov 19, 2020 22:00",1.30717,1.3075,1.30605,1.3072,0.3,+0.00%
"Nov 19, 2020 21:00",1.30609,1.30731,1.30523,1.30731,12.2,+0.09%
"Nov 19, 2020 20:00",1.30634,1.30717,1.30577,1.30605,-2.9,-0.02%
"Nov 19, 2020 19:00",1.30742,1.30755,1.30594,1.30634,-10.8,-0.08%
"Nov 19, 2020 18:00",1.30756,1.30788,1.30733,1.30747,-0.9,-0.01%
"Nov 19, 2020 17:00",1.3083,1.30856,1.30742,1.30754,-7.6,-0.06%
"Nov 19, 2020 16:00",1.30869,1.30943,1.30799,1.30831,-3.8,-0.03%
"Nov 19, 2020 15:00",1.30941,1.30963,1.30697,1.30866,-7.5,-0.06%
"Nov 19, 2020 14:00",1.30984,1.31136,1.30936,1.30943,-4.1,-0.03%
"Nov 19, 2020 13:00",1.31016,1.31163,1.3096,1.3098,-3.6,-0.03%
"Nov 19, 2020 12:00",1.31007,1.31021,1.30945,1.31021,1.4,+0.01%
"Nov 19, 2020 11:00",1.31136,1.31197,1.30971,1.31002,-13.4,-0.10%
"Nov 19, 2020 10:00",1.31128,1.31234,1.31079,1.31137,0.9,+0.01%
"Nov 19, 2020 09:00",1.31111,1.31165,1.31016,1.31126,1.5,+0.01%
"Nov 19, 2020 08:00",1.30876,1.31142,1.3083,1.31114,23.8,+0.18%
"Nov 19, 2020 07:00",1.30853,1.30907,1.30781,1.30878,2.5,+0.02%
"Nov 19, 2020 06:00",1.30859,1.30924,1.30834,1.30853,-0.6,+0.00%
"Nov 19, 2020 05:00",1.30849,1.30878,1.30811,1.30857,0.8,+0.01%
"Nov 19, 2020 04:00",1.30899,1.30925,1.30837,1.30848,-5.1,-0.04%
"Nov 19, 2020 03:00",1.30862,1.30904,1.3084,1.309,3.8,+0.03%
"Nov 19, 2020 02:00",1.30919,1.30945,1.30808,1.3086,-5.9,-0.05%
"Nov 19, 2020 01:00",1.30968,1.30986,1.30897,1.30918,-5,-0.04%
"Nov 19, 2020 00:00",1.30889,1.30998,1.30857,1.30973,8.4,+0.06%
"Nov 18, 2020 23:00",1.30827,1.30892,1.30764,1.30887,6,+0.05%
"Nov 18, 2020 22:00",1.30818,1.30846,1.30744,1.30825,0.7,+0.01%
"Nov 18, 2020 21:00",1.30796,1.3087,1.30737,1.30863,6.7,+0.05%
"Nov 18, 2020 20:00",1.30482,1.30798,1.30474,1.30795,31.3,+0.24%
"Nov 18, 2020 19:00",1.30432,1.30576,1.3038,1.30482,5,+0.04%
"Nov 18, 2020 18:00",1.30457,1.30499,1.30339,1.3043,-2.7,-0.02%
"Nov 18, 2020 17:00",1.30509,1.30561,1.30453,1.30458,-5.1,-0.04%
"Nov 18, 2020 16:00",1.30666,1.30689,1.30407,1.3051,-15.6,-0.12%
"Nov 18, 2020 15:00",1.3085,1.3085,1.30635,1.30666,-18.4,-0.14%
"Nov 18, 2020 14:00",1.30897,1.3099,1.30821,1.30851,-4.6,-0.04%
"Nov 18, 2020 13:00",1.3074,1.30904,1.30665,1.309,16,+0.12%
"Nov 18, 2020 12:00",1.30738,1.30806,1.30607,1.30741,0.3,+0.00%
"Nov 18, 2020 11:00",1.30622,1.30756,1.30616,1.30739,11.7,+0.09%
"Nov 18, 2020 10:00",1.3072,1.30734,1.30556,1.30619,-10.1,-0.08%
"Nov 18, 2020 09:00",1.30803,1.30809,1.30684,1.30724,-7.9,-0.06%
"Nov 18, 2020 08:00",1.30769,1.30825,1.3068,1.30801,3.2,+0.02%
"Nov 18, 2020 07:00",1.30923,1.30941,1.3076,1.3077,-15.3,-0.12%
"Nov 18, 2020 06:00",1.30946,1.30991,1.3092,1.30922,-2.4,-0.02%
"Nov 18, 2020 05:00",1.30948,1.30974,1.30893,1.30948,0,+0.00%
"Nov 18, 2020 04:00",1.31006,1.31021,1.30936,1.30946,-6,-0.05%
"Nov 18, 2020 03:00",1.31091,1.31114,1.30992,1.31004,-8.7,-0.07%
"Nov 18, 2020 02:00",1.31141,1.3115,1.31088,1.31092,-4.9,-0.04%
"Nov 18, 2020 01:00",1.31137,1.31169,1.31096,1.3114,0.3,+0.00%
"Nov 18, 2020 00:00",1.31055,1.31176,1.31032,1.31136,8.1,+0.06%
"Nov 17, 2020 23:00",1.30971,1.3106,1.30971,1.31051,8,+0.06%
"Nov 17, 2020 22:00",1.31031,1.31062,1.3095,1.30974,-5.7,-0.04%
"Nov 17, 2020 21:00",1.30939,1.31042,1.30844,1.31038,9.9,+0.08%
"Nov 17, 2020 20:00",1.30837,1.3101,1.30836,1.30941,10.4,+0.08%
"Nov 17, 2020 19:00",1.30857,1.30878,1.30742,1.30837,-2,-0.02%
"Nov 17, 2020 18:00",1.30991,1.31002,1.3085,1.30861,-13,-0.10%
"Nov 17, 2020 17:00",1.31096,1.3111,1.30959,1.30988,-10.8,-0.08%
"Nov 17, 2020 16:00",1.30948,1.31102,1.30929,1.31094,14.6,+0.11%
"Nov 17, 2020 15:00",1.30945,1.31038,1.30852,1.30949,0.4,+0.00%
"Nov 17, 2020 14:00",1.31006,1.31088,1.30877,1.30945,-6.1,-0.05%
"Nov 17, 2020 13:00",1.30826,1.31166,1.30785,1.31004,17.8,+0.14%
"Nov 17, 2020 12:00",1.30666,1.30881,1.30659,1.30829,16.3,+0.12%
"Nov 17, 2020 11:00",1.30691,1.30792,1.30633,1.3066,-3.1,-0.02%
"Nov 17, 2020 10:00",1.30769,1.30839,1.30683,1.30695,-7.4,-0.06%
"Nov 17, 2020 09:00",1.30787,1.30806,1.3065,1.30767,-2,-0.02%
"Nov 17, 2020 08:00",1.30877,1.30898,1.30759,1.30788,-8.9,-0.07%
"Nov 17, 2020 07:00",1.30774,1.30883,1.30743,1.30878,10.4,+0.08%
"Nov 17, 2020 06:00",1.30758,1.30807,1.30744,1.30774,1.6,+0.01%
"Nov 17, 2020 05:00",1.30712,1.30782,1.30707,1.30758,4.6,+0.04%
"Nov 17, 2020 04:00",1.30682,1.30726,1.30682,1.30713,3.1,+0.02%
"Nov 17, 2020 03:00",1.30699,1.30701,1.30648,1.3068,-1.9,-0.01%
"Nov 17, 2020 02:00",1.30715,1.30739,1.30667,1.30698,-1.7,-0.01%
"Nov 17, 2020 01:00",1.30685,1.30731,1.30642,1.30716,3.1,+0.02%
"Nov 17, 2020 00:00",1.30755,1.30774,1.3067,1.30684,-7.1,-0.05%
"Nov 16, 2020 23:00",1.30774,1.3079,1.30707,1.30751,-2.3,-0.02%
"Nov 16, 2020 22:00",1.30739,1.30837,1.30711,1.30778,3.9,+0.03%
"Nov 16, 2020 21:00",1.30933,1.30953,1.30698,1.30738,-19.5,-0.15%
"Nov 16, 2020 20:00",1.30967,1.31045,1.30933,1.30935,-3.2,-0.02%
"Nov 16, 2020 19:00",1.30912,1.30991,1.30858,1.30965,5.3,+0.04%
"Nov 16, 2020 18:00",1.30865,1.30952,1.3084,1.30915,5,+0.04%
"Nov 16, 2020 17:00",1.30722,1.30875,1.30718,1.30864,14.2,+0.11%
"Nov 16, 2020 16:00",1.30721,1.30792,1.30667,1.30726,0.5,+0.00%
"Nov 16, 2020 15:00",1.3087,1.30895,1.3067,1.30719,-15.1,-0.12%
"Nov 16, 2020 14:00",1.30864,1.30977,1.30757,1.30869,0.5,+0.00%
"Nov 16, 2020 13:00",1.30757,1.30963,1.30753,1.30865,10.8,+0.08%
"Nov 16, 2020 12:00",1.30983,1.31033,1.30654,1.30757,-22.6,-0.17%
"Nov 16, 2020 11:00",1.31186,1.31202,1.30808,1.30985,-20.1,-0.15%
"Nov 16, 2020 10:00",1.31166,1.31241,1.31148,1.31187,2.1,+0.02%
"Nov 16, 2020 09:00",1.30968,1.31183,1.30942,1.31167,19.9,+0.15%
"Nov 16, 2020 08:00",1.30997,1.31011,1.30904,1.30963,-3.4,-0.03%
"Nov 16, 2020 07:00",1.31006,1.31074,1.30974,1.30999,-0.7,-0.01%
"Nov 16, 2020 06:00",1.31084,1.31096,1.31004,1.31005,-7.9,-0.06%
"Nov 16, 2020 05:00",1.31111,1.31124,1.31046,1.3108,-3.1,-0.02%
"Nov 16, 2020 04:00",1.31107,1.3112,1.31097,1.31112,0.5,+0.00%
"Nov 16, 2020 03:00",1.3111,1.31122,1.31075,1.3111,0,+0.00%
"Nov 16, 2020 02:00",1.31149,1.3115,1.31071,1.3111,-3.9,-0.03%
"Nov 16, 2020 01:00",1.31157,1.31185,1.31093,1.31146,-1.1,-0.01%
"Nov 16, 2020 00:00",1.31243,1.31286,1.31145,1.31158,-8.5,-0.06%
"Nov 15, 2020 23:00",1.31352,1.31354,1.3118,1.31242,-11,-0.08%
"Nov 15, 2020 22:00",1.31326,1.31378,1.31324,1.3137,4.4,+0.03%
"Nov 13, 2020 21:00",1.31425,1.31479,1.31342,1.31342,-8.3,-0.06%
"Nov 13, 2020 20:00",1.31364,1.31551,1.31363,1.31427,6.3,+0.05%
"Nov 13, 2020 19:00",1.3139,1.31419,1.31355,1.31366,-2.4,-0.02%
"Nov 13, 2020 18:00",1.31485,1.31515,1.31384,1.31388,-9.7,-0.07%
"Nov 13, 2020 17:00",1.31665,1.31688,1.3146,1.31487,-17.8,-0.14%
"Nov 13, 2020 16:00",1.31648,1.31727,1.31555,1.31666,1.8,+0.01%
"Nov 13, 2020 15:00",1.31369,1.31662,1.3129,1.31644,27.5,+0.21%
"Nov 13, 2020 14:00",1.31425,1.31459,1.31272,1.31372,-5.3,-0.04%
"Nov 13, 2020 13:00",1.31454,1.3148,1.31344,1.31423,-3.1,-0.02%
"Nov 13, 2020 12:00",1.31346,1.31476,1.31302,1.31456,11,+0.08%
"Nov 13, 2020 11:00",1.31208,1.31348,1.31186,1.31345,13.7,+0.10%
"Nov 13, 2020 10:00",1.31263,1.31268,1.31164,1.31207,-5.6,-0.04%
"Nov 13, 2020 09:00",1.31495,1.31586,1.31252,1.31265,-23,-0.18%
"Nov 13, 2020 08:00",1.31489,1.31546,1.31398,1.31495,0.6,+0.00%
"Nov 13, 2020 07:00",1.3153,1.31666,1.31472,1.31486,-4.4,-0.03%
"Nov 13, 2020 06:00",1.31637,1.31639,1.3152,1.31529,-10.8,-0.08%
"Nov 13, 2020 05:00",1.31626,1.31644,1.31606,1.31635,0.9,+0.01%
"Nov 13, 2020 04:00",1.31678,1.31707,1.31603,1.3163,-4.8,-0.04%
"Nov 13, 2020 03:00",1.31567,1.3168,1.3155,1.31676,10.9,+0.08%
"Nov 13, 2020 02:00",1.31544,1.31603,1.31528,1.31564,2,+0.02%
"Nov 13, 2020 01:00",1.31504,1.31565,1.31392,1.31548,4.4,+0.03%
"Nov 13, 2020 00:00",1.3137,1.31501,1.31343,1.315,13,+0.10%
"Nov 12, 2020 23:00",1.31413,1.31459,1.31374,1.31374,-3.9,-0.03%
"Nov 12, 2020 22:00",1.31435,1.31454,1.31329,1.31438,0.3,+0.00%
"Nov 12, 2020 21:00",1.31332,1.31458,1.31284,1.3143,9.8,+0.07%
"Nov 12, 2020 20:00",1.31392,1.31484,1.31321,1.31331,-6.1,-0.05%
"Nov 12, 2020 19:00",1.31364,1.31468,1.31327,1.31394,3,+0.02%
"Nov 12, 2020 18:00",1.31281,1.31459,1.31281,1.31362,8.1,+0.06%
"Nov 12, 2020 17:00",1.31074,1.31389,1.31071,1.31283,20.9,+0.16%
"Nov 12, 2020 16:00",1.31172,1.3119,1.30964,1.31073,-9.9,-0.08%
"Nov 12, 2020 15:00",1.31354,1.31392,1.3114,1.31173,-18.1,-0.14%
"Nov 12, 2020 14:00",1.30903,1.31499,1.30859,1.31355,45.2,+0.34%
"Nov 12, 2020 13:00",1.31,1.31047,1.30858,1.30905,-9.5,-0.07%
"Nov 12, 2020 12:00",1.30696,1.31023,1.30687,1.31002,30.6,+0.23%
"Nov 12, 2020 11:00",1.30674,1.3073,1.30579,1.30696,2.2,+0.02%
"Nov 12, 2020 10:00",1.30689,1.30721,1.30606,1.30676,-1.3,-0.01%
"Nov 12, 2020 09:00",1.30875,1.31017,1.30657,1.3069,-18.5,-0.14%
"Nov 12, 2020 08:00",1.3102,1.31022,1.30819,1.30872,-14.8,-0.11%
"Nov 12, 2020 07:00",1.30973,1.31063,1.30896,1.31022,4.9,+0.04%
"Nov 12, 2020 06:00",1.30777,1.31032,1.30764,1.30972,19.5,+0.15%
"Nov 12, 2020 05:00",1.30785,1.30803,1.30734,1.30775,-1,-0.01%
"Nov 12, 2020 04:00",1.30757,1.30803,1.30707,1.3079,3.3,+0.03%
"Nov 12, 2020 03:00",1.30668,1.3076,1.30654,1.30754,8.6,+0.07%
"Nov 12, 2020 02:00",1.30663,1.30729,1.30644,1.30668,0.5,+0.00%
"Nov 12, 2020 01:00",1.30665,1.30689,1.30563,1.30666,0.1,+0.00%
"Nov 12, 2020 00:00",1.30591,1.30699,1.30591,1.30667,7.6,+0.06%
"Nov 11, 2020 23:00",1.30621,1.30661,1.30575,1.30589,-3.2,-0.02%
"Nov 11, 2020 22:00",1.30633,1.30708,1.30564,1.30627,-0.6,+0.00%
"Nov 11, 2020 21:00",1.3067,1.30732,1.3062,1.30625,-4.5,-0.03%
"Nov 11, 2020 20:00",1.30697,1.30774,1.3065,1.30669,-2.8,-0.02%
"Nov 11, 2020 19:00",1.30637,1.30769,1.30576,1.30698,6.1,+0.05%
"Nov 11, 2020 18:00",1.30561,1.30672,1.30543,1.30639,7.8,+0.06%
"Nov 11, 2020 17:00",1.30591,1.30607,1.30506,1.30557,-3.4,-0.03%
"Nov 11, 2020 16:00",1.30672,1.3071,1.30549,1.30595,-7.7,-0.06%
"Nov 11, 2020 15:00",1.30591,1.30705,1.30437,1.30669,7.8,+0.06%
"Nov 11, 2020 14:00",1.30575,1.30655,1.30532,1.30592,1.7,+0.01%
"Nov 11, 2020 13:00",1.30639,1.30706,1.30528,1.30577,-6.2,-0.05%
"Nov 11, 2020 12:00",1.3044,1.3076,1.30432,1.30637,19.7,+0.15%
"Nov 11, 2020 11:00",1.30352,1.30466,1.30312,1.30442,9,+0.07%
"Nov 11, 2020 10:00",1.3032,1.30387,1.30294,1.3035,3,+0.02%
"Nov 11, 2020 09:00",1.30402,1.3044,1.30291,1.30319,-8.3,-0.06%
"Nov 11, 2020 08:00",1.30458,1.30587,1.30373,1.30407,-5.1,-0.04%
"Nov 11, 2020 07:00",1.30345,1.30457,1.30256,1.30455,11,+0.08%
"Nov 11, 2020 06:00",1.303,1.30347,1.30285,1.30345,4.5,+0.03%
"Nov 11, 2020 05:00",1.3032,1.30367,1.30298,1.30301,-1.9,-0.01%
"Nov 11, 2020 04:00",1.30216,1.30327,1.30201,1.3032,10.4,+0.08%
"Nov 11, 2020 03:00",1.30145,1.30258,1.30124,1.3022,7.5,+0.06%
"Nov 11, 2020 02:00",1.30205,1.30217,1.30084,1.3014,-6.5,-0.05%
"Nov 11, 2020 01:00",1.30411,1.30437,1.30195,1.30209,-20.2,-0.16%
"Nov 11, 2020 00:00",1.30314,1.30415,1.30277,1.3041,9.6,+0.07%
"Nov 10, 2020 23:00",1.30316,1.3037,1.30276,1.30313,-0.3,+0.00%
"Nov 10, 2020 22:00",1.30306,1.30317,1.30192,1.30313,0.7,+0.01%
"Nov 10, 2020 21:00",1.30385,1.30405,1.30205,1.30329,-5.6,-0.04%
"Nov 10, 2020 20:00",1.30198,1.3042,1.30191,1.30385,18.7,+0.14%
"Nov 10, 2020 19:00",1.30045,1.30206,1.30039,1.30199,15.4,+0.12%
"Nov 10, 2020 18:00",1.30117,1.3018,1.30038,1.30046,-7.1,-0.05%
"Nov 10, 2020 17:00",1.29991,1.3014,1.29909,1.30121,13,+0.10%
"Nov 10, 2020 16:00",1.30151,1.3019,1.2985,1.2999,-16.1,-0.12%
"Nov 10, 2020 15:00",1.30234,1.30346,1.30061,1.30151,-8.3,-0.06%
"Nov 10, 2020 14:00",1.30337,1.30349,1.30077,1.30234,-10.3,-0.08%
"Nov 10, 2020 13:00",1.30294,1.30512,1.30199,1.30336,4.2,+0.03%
"Nov 10, 2020 12:00",1.3013,1.30375,1.30077,1.30293,16.3,+0.13%
"Nov 10, 2020 11:00",1.30395,1.30425,1.30127,1.3013,-26.5,-0.20%
"Nov 10, 2020 10:00",1.30116,1.30396,1.30065,1.30393,27.7,+0.21%
"Nov 10, 2020 09:00",1.30166,1.30175,1.2999,1.3012,-4.6,-0.04%
"Nov 10, 2020 08:00",1.30212,1.30215,1.30064,1.30167,-4.5,-0.03%
"Nov 10, 2020 07:00",1.30019,1.30212,1.29979,1.30211,19.2,+0.15%
"Nov 10, 2020 06:00",1.30098,1.30153,1.30019,1.30019,-7.9,-0.06%
"Nov 10, 2020 05:00",1.30059,1.3012,1.29998,1.30098,3.9,+0.03%
"Nov 10, 2020 04:00",1.30078,1.30109,1.30016,1.30058,-2,-0.02%
"Nov 10, 2020 03:00",1.30144,1.30154,1.3006,1.30081,-6.3,-0.05%
"Nov 10, 2020 02:00",1.30094,1.30145,1.29984,1.30141,4.7,+0.04%
"Nov 10, 2020 01:00",1.30154,1.30155,1.30049,1.30094,-6,-0.05%
"Nov 10, 2020 00:00",1.30076,1.30206,1.30028,1.30152,7.6,+0.06%
"Nov 09, 2020 23:00",1.30046,1.30094,1.29997,1.30077,3.1,+0.02%
"Nov 09, 2020 22:00",1.30063,1.30075,1.29963,1.30059,-0.4,+0.00%
"Nov 09, 2020 21:00",1.30128,1.30247,1.30059,1.30077,-5.1,-0.04%
"Nov 09, 2020 20:00",1.29839,1.3015,1.29761,1.30126,28.7,+0.22%
"Nov 09, 2020 19:00",1.29902,1.29961,1.29811,1.29844,-5.8,-0.04%
"Nov 09, 2020 18:00",1.2972,1.29957,1.29706,1.29902,18.2,+0.14%
"Nov 09, 2020 17:00",1.29803,1.29803,1.29587,1.29716,-8.7,-0.07%
"Nov 09, 2020 16:00",1.29641,1.29882,1.29641,1.29806,16.5,+0.13%
"Nov 09, 2020 15:00",1.29583,1.29873,1.29442,1.29641,5.8,+0.04%
"Nov 09, 2020 14:00",1.29402,1.29661,1.29281,1.29581,17.9,+0.14%
"Nov 09, 2020 13:00",1.29648,1.29652,1.2937,1.29407,-24.1,-0.19%
"Nov 09, 2020 12:00",1.29931,1.30114,1.29596,1.29647,-28.4,-0.22%
"Nov 09, 2020 11:00",1.30135,1.30302,1.2966,1.29931,-20.4,-0.16%
"Nov 09, 2020 10:00",1.30256,1.30273,1.30121,1.3013,-12.6,-0.10%
"Nov 09, 2020 09:00",1.30222,1.30266,1.30083,1.30258,3.6,+0.03%
"Nov 09, 2020 08:00",1.30115,1.30261,1.30039,1.3022,10.5,+0.08%
"Nov 09, 2020 07:00",1.30155,1.30178,1.30066,1.30119,-3.6,-0.03%
"Nov 09, 2020 06:00",1.30105,1.30207,1.30071,1.30152,4.7,+0.04%
"Nov 09, 2020 05:00",1.30125,1.30138,1.3007,1.30106,-1.9,-0.01%
"Nov 09, 2020 04:00",1.30077,1.30128,1.3007,1.30126,4.9,+0.04%
"Nov 09, 2020 03:00",1.30115,1.30149,1.30072,1.30077,-3.8,-0.03%
"Nov 09, 2020 02:00",1.30148,1.30196,1.30102,1.30115,-3.3,-0.03%
"Nov 09, 2020 01:00",1.30256,1.30266,1.3007,1.30148,-10.8,-0.08%
"Nov 09, 2020 00:00",1.30229,1.30309,1.30202,1.30256,2.7,+0.02%
"Nov 08, 2020 23:00",1.3044,1.30463,1.30193,1.3023,-21,-0.16%
"Nov 08, 2020 22:00",1.30369,1.3053,1.30369,1.30423,5.4,+0.04%
"Nov 06, 2020 21:00",1.30431,1.30626,1.30421,1.30599,16.8,+0.13%
"Nov 06, 2020 20:00",1.3028,1.30444,1.30277,1.30432,15.2,+0.12%
"Nov 06, 2020 19:00",1.30266,1.30339,1.3026,1.3028,1.4,+0.01%
"Nov 06, 2020 18:00",1.30318,1.30334,1.30255,1.30268,-5,-0.04%
"Nov 06, 2020 17:00",1.30304,1.30368,1.30196,1.30317,1.3,+0.01%
"Nov 06, 2020 16:00",1.30311,1.30374,1.30241,1.30301,-1,-0.01%
"Nov 06, 2020 15:00",1.30641,1.30715,1.3022,1.30314,-32.7,-0.25%
"Nov 06, 2020 14:00",1.30544,1.30701,1.30417,1.30642,9.8,+0.08%
"Nov 06, 2020 13:00",1.30722,1.30796,1.30485,1.30543,-17.9,-0.14%
"Nov 06, 2020 12:00",1.3064,1.30839,1.30553,1.30724,8.4,+0.06%
"Nov 06, 2020 11:00",1.3065,1.30698,1.30575,1.30638,-1.2,-0.01%
"Nov 06, 2020 10:00",1.30715,1.30809,1.30599,1.30648,-6.7,-0.05%
"Nov 06, 2020 09:00",1.30759,1.30883,1.30663,1.30716,-4.3,-0.03%
"Nov 06, 2020 08:00",1.306,1.30764,1.30479,1.30756,15.6,+0.12%
"Nov 06, 2020 07:00",1.30828,1.30854,1.306,1.30604,-22.4,-0.17%
"Nov 06, 2020 06:00",1.30881,1.30916,1.30782,1.30824,-5.7,-0.04%
"Nov 06, 2020 05:00",1.30901,1.30909,1.30819,1.30879,-2.2,-0.02%
"Nov 06, 2020 04:00",1.30903,1.3097,1.30845,1.30902,-0.1,+0.00%
"Nov 06, 2020 03:00",1.30716,1.30926,1.30713,1.30903,18.7,+0.14%
"Nov 06, 2020 02:00",1.30717,1.30801,1.30675,1.30716,-0.1,+0.00%
"Nov 06, 2020 01:00",1.30756,1.30861,1.30679,1.30716,-4,-0.03%
"Nov 06, 2020 00:00",1.30831,1.30842,1.3056,1.30756,-7.5,-0.06%
"Nov 05, 2020 23:00",1.30579,1.30854,1.30545,1.30833,25.4,+0.19%
"Nov 05, 2020 22:00",1.30433,1.30607,1.30371,1.30573,14,+0.11%
"Nov 05, 2020 21:00",1.30489,1.30576,1.30434,1.30443,-4.6,-0.04%
"Nov 05, 2020 20:00",1.30386,1.30633,1.30282,1.30489,10.3,+0.08%
"Nov 05, 2020 19:00",1.30554,1.30567,1.30336,1.30387,-16.7,-0.13%
"Nov 05, 2020 18:00",1.30542,1.30592,1.30439,1.30558,1.6,+0.01%
"Nov 05, 2020 17:00",1.30468,1.30725,1.30448,1.30543,7.5,+0.06%
"Nov 05, 2020 16:00",1.30309,1.30493,1.3029,1.30469,16,+0.12%
"Nov 05, 2020 15:00",1.30445,1.30497,1.30298,1.3031,-13.5,-0.10%
"Nov 05, 2020 14:00",1.30657,1.30833,1.30407,1.30442,-21.5,-0.16%
"Nov 05, 2020 13:00",1.30644,1.30748,1.30525,1.30658,1.4,+0.01%
"Nov 05, 2020 12:00",1.31174,1.31266,1.30544,1.30643,-53.1,-0.41%
"Nov 05, 2020 11:00",1.31186,1.31325,1.31118,1.31172,-1.4,-0.01%
"Nov 05, 2020 10:00",1.31265,1.31347,1.31181,1.31188,-7.7,-0.06%
"Nov 05, 2020 09:00",1.31326,1.3146,1.31201,1.31268,-5.8,-0.04%
"Nov 05, 2020 08:00",1.31229,1.31352,1.31032,1.31324,9.5,+0.07%
"Nov 05, 2020 07:00",1.31442,1.31472,1.31175,1.31225,-21.7,-0.17%
"Nov 05, 2020 06:00",1.31313,1.31457,1.31284,1.31442,12.9,+0.10%
"Nov 05, 2020 05:00",1.31359,1.31381,1.31253,1.31313,-4.6,-0.04%
"Nov 05, 2020 04:00",1.31435,1.31446,1.31335,1.31357,-7.8,-0.06%
"Nov 05, 2020 03:00",1.3152,1.31525,1.31401,1.31436,-8.4,-0.06%
"Nov 05, 2020 02:00",1.31647,1.31785,1.31504,1.31521,-12.6,-0.10%
"Nov 05, 2020 01:00",1.31363,1.31679,1.31319,1.31645,28.2,+0.21%
"Nov 05, 2020 00:00",1.3127,1.31375,1.31176,1.31363,9.3,+0.07%
"Nov 04, 2020 23:00",1.31335,1.3141,1.31258,1.31273,-6.2,-0.05%
"Nov 04, 2020 22:00",1.31323,1.31354,1.31239,1.31343,2,+0.02%
"Nov 04, 2020 21:00",1.31405,1.31473,1.31179,1.31336,-6.9,-0.05%
"Nov 04, 2020 20:00",1.31248,1.3147,1.31218,1.31402,15.4,+0.12%
"Nov 04, 2020 19:00",1.31189,1.31378,1.3118,1.3125,6.1,+0.05%
"Nov 04, 2020 18:00",1.31208,1.31272,1.31092,1.31192,-1.6,-0.01%
"Nov 04, 2020 17:00",1.31138,1.3125,1.31115,1.31209,7.1,+0.05%
"Nov 04, 2020 16:00",1.31334,1.31579,1.31108,1.31134,-20,-0.15%
"Nov 04, 2020 15:00",1.31758,1.31799,1.31295,1.31334,-42.4,-0.32%
"Nov 04, 2020 14:00",1.3175,1.31997,1.31601,1.31758,0.8,+0.01%
"Nov 04, 2020 13:00",1.31565,1.31763,1.31349,1.31747,18.2,+0.14%
"Nov 04, 2020 12:00",1.31748,1.31815,1.31366,1.31567,-18.1,-0.14%
"Nov 04, 2020 11:00",1.32071,1.32154,1.31679,1.31746,-32.5,-0.25%
"Nov 04, 2020 10:00",1.32146,1.32298,1.32017,1.32071,-7.5,-0.06%
"Nov 04, 2020 09:00",1.32532,1.32562,1.32059,1.32147,-38.5,-0.29%
"Nov 04, 2020 08:00",1.32782,1.32849,1.32369,1.32534,-24.8,-0.19%
"Nov 04, 2020 07:00",1.32447,1.3299,1.32408,1.3278,33.3,+0.25%
"Nov 04, 2020 06:00",1.32348,1.32559,1.32237,1.32447,9.9,+0.07%
"Nov 04, 2020 05:00",1.32368,1.32443,1.32152,1.32343,-2.5,-0.02%
"Nov 04, 2020 04:00",1.32349,1.32456,1.32149,1.32372,2.3,+0.02%
"Nov 04, 2020 03:00",1.32508,1.32522,1.32073,1.32353,-15.5,-0.12%
"Nov 04, 2020 02:00",1.31815,1.3278,1.31706,1.32505,69,+0.52%
"Nov 04, 2020 01:00",1.3187,1.31895,1.31394,1.31814,-5.6,-0.04%
"Nov 04, 2020 00:00",1.31033,1.31901,1.30956,1.31875,84.2,+0.64%
"Nov 03, 2020 23:00",1.31304,1.31332,1.30998,1.3103,-27.4,-0.21%
"Nov 03, 2020 22:00",1.31411,1.31478,1.31243,1.31304,-10.7,-0.08%
"Nov 03, 2020 21:00",1.31512,1.31556,1.31376,1.31386,-12.6,-0.10%
"Nov 03, 2020 20:00",1.31712,1.3173,1.31458,1.31513,-19.9,-0.15%
"Nov 03, 2020 19:00",1.31745,1.3175,1.31646,1.31711,-3.4,-0.03%
"Nov 03, 2020 18:00",1.31575,1.31748,1.31543,1.31747,17.2,+0.13%
"Nov 03, 2020 17:00",1.31336,1.31588,1.31318,1.31575,23.9,+0.18%
"Nov 03, 2020 16:00",1.31071,1.31345,1.31069,1.31337,26.6,+0.20%
"Nov 03, 2020 15:00",1.31262,1.31267,1.31041,1.31072,-19,-0.14%
"Nov 03, 2020 14:00",1.31471,1.31471,1.31242,1.31259,-21.2,-0.16%
"Nov 03, 2020 13:00",1.31552,1.31574,1.31387,1.31474,-7.8,-0.06%
"Nov 03, 2020 12:00",1.31578,1.31612,1.31517,1.3155,-2.8,-0.02%
"Nov 03, 2020 11:00",1.31657,1.31661,1.31554,1.31576,-8.1,-0.06%
"Nov 03, 2020 10:00",1.31419,1.31662,1.31414,1.31662,24.3,+0.18%
"Nov 03, 2020 09:00",1.31692,1.31724,1.31372,1.31418,-27.4,-0.21%
"Nov 03, 2020 08:00",1.32172,1.32196,1.31691,1.31694,-47.8,-0.36%
"Nov 03, 2020 07:00",1.32294,1.32308,1.32166,1.32168,-12.6,-0.10%
"Nov 03, 2020 06:00",1.32277,1.32326,1.32244,1.32296,1.9,+0.01%
"Nov 03, 2020 05:00",1.32335,1.32335,1.3222,1.3228,-5.5,-0.04%
